student_id,gender,branch,year,cgpa,attendance,sem_gpa,internal_marks,backlogs,coding_skill,communication_skill,technical_skill,aptitude_score,english_proficiency,internship,projects,certifications,dropout_risk,placement
STU0001,Male,IT,3,8.23,82.5,8.16,70.5,4,59.1,46.0,76.5,63.7,53.5,1,3,1.0,0,1
STU0002,Female,IT,3,6.63,72.9,7.18,60.6,1,63.7,75.9,56.2,93.2,63.6,0,2,1.0,0,0
STU0003,Male,CSE,3,7.31,84.7,7.05,63.0,2,46.6,68.4,54.4,72.8,82.3,1,3,0.0,0,1
STU0004,Female,CSE,1,6.69,97.8,6.37,58.9,1,83.4,84.7,71.1,60.1,69.8,1,1,1.0,0,1
STU0005,Male,ECE,4,6.72,71.5,6.53,68.9,2,36.5,50.0,77.3,43.6,68.3,1,2,1.0,1,1
STU0006,Male,ECE,1,6.86,71.5,6.48,68.4,0,69.8,48.8,57.6,70.9,43.8,0,1,3.0,0,1
STU0007,Female,CSE,2,7.44,98.7,7.49,60.5,2,83.6,81.7,42.6,77.4,43.3,0,0,1.0,0,1
STU0008,Female,ECE,4,6.67,86.5,7.32,64.2,0,69.6,69.7,22.5,55.5,68.5,0,1,2.0,0,0
STU0009,Male,CSE,3,8.58,68.0,8.71,81.3,3,55.9,34.2,44.3,69.4,39.8,0,0,2.0,1,0
STU0010,Female,CE,4,6.22,83.1,6.11,50.2,5,49.4,52.3,45.7,59.5,54.0,1,3,1.0,1,0
STU0011,Female,CE,3,6.99,68.0,6.88,67.0,0,80.7,69.0,60.1,62.2,71.5,1,0,1.0,0,1
STU0012,Male,ME,2,6.72,68.0,6.09,68.1,0,31.5,77.1,51.1,27.7,46.3,0,2,,1,0
STU0013,Female,ECE,4,8.79,78.6,9.14,73.5,2,40.6,49.8,71.8,61.7,90.3,1,2,2.0,0,1
STU0014,Female,IT,1,7.42,46.3,7.39,62.2,0,52.0,9.5,45.7,79.5,83.8,0,1,0.0,1,0
STU0015,Male,IT,4,8.34,49.1,8.26,80.1,3,84.8,71.4,56.9,55.5,36.3,0,2,1.0,1,1
STU0016,Female,CSE,2,5.57,66.6,6.84,51.5,0,67.6,40.0,81.7,65.8,47.1,0,0,1.0,1,1
STU0017,Female,CSE,4,7.49,59.8,,70.2,0,40.6,25.7,64.8,53.7,24.1,0,2,0.0,0,0
STU0018,Female,ME,1,8.18,79.7,,75.3,4,53.8,11.0,56.8,70.4,49.7,1,1,1.0,0,1
STU0019,Male,CSE,3,7.29,61.4,7.12,67.6,1,47.7,76.7,46.0,61.8,76.0,0,3,2.0,1,0
STU0020,Male,ECE,4,8.37,53.8,8.83,68.7,2,45.8,64.3,45.3,50.9,56.0,1,2,1.0,1,1
STU0021,Female,ME,3,6.63,97.0,6.68,64.9,0,79.6,57.9,41.0,85.0,70.8,1,3,2.0,0,1
STU0022,Male,ME,4,8.75,71.6,8.17,84.6,1,32.6,87.0,47.2,78.9,37.1,1,0,1.0,0,1
STU0023,Male,ECE,4,9.73,76.0,10.0,86.4,1,92.2,73.5,73.1,55.9,76.6,0,1,1.0,0,1
STU0024,Male,ME,4,6.8,53.6,6.53,61.0,1,76.6,91.1,53.6,72.5,53.6,0,0,0.0,1,0
STU0025,Male,IT,4,6.71,66.8,7.46,52.7,1,81.8,36.9,31.0,73.1,63.2,0,0,2.0,1,1
STU0026,Other,CSE,2,8.8,76.7,9.23,81.8,1,50.7,61.4,93.4,74.6,61.4,0,1,2.0,1,1
STU0027,Male,ME,1,8.94,57.7,8.76,83.3,0,57.0,32.9,64.4,39.6,41.4,0,2,2.0,1,1
STU0028,Female,CSE,1,6.62,80.6,7.14,59.3,0,31.3,57.9,29.9,80.1,43.4,1,1,0.0,0,1
STU0029,Male,CSE,2,6.74,66.0,6.76,66.3,2,49.5,57.5,49.2,56.5,79.5,1,1,0.0,1,1
STU0030,Female,ME,1,6.89,70.6,7.23,60.3,0,69.9,73.3,60.2,59.6,69.8,1,3,0.0,0,1
STU0031,Male,CSE,3,5.72,66.0,5.91,54.3,1,85.9,62.8,92.1,100.0,80.9,1,2,1.0,1,1
STU0032,Female,CSE,1,6.19,100.0,5.85,50.6,0,37.9,73.2,35.8,69.5,68.5,0,1,2.0,0,0
STU0033,Female,CSE,1,6.1,74.8,5.84,54.7,1,52.7,74.7,77.5,59.2,65.4,0,1,0.0,1,1
STU0034,Male,ME,1,6.36,59.1,6.77,56.3,2,57.0,100.0,86.0,31.9,33.7,1,1,2.0,1,1
STU0035,Female,CE,4,7.16,87.3,7.03,65.6,0,32.1,56.3,45.4,85.8,58.4,1,0,1.0,0,0
STU0036,Male,CSE,3,7.46,56.7,7.3,65.3,0,71.8,45.1,52.4,44.8,62.5,1,2,2.0,1,1
STU0037,Female,ME,2,8.91,78.1,8.52,79.5,0,45.5,66.4,37.3,49.9,96.2,1,1,3.0,0,1
STU0038,Other,CSE,4,6.1,45.6,6.27,59.0,1,56.1,47.6,53.9,60.0,74.7,0,3,0.0,1,1
STU0039,Female,ME,1,8.28,55.1,9.11,72.4,2,51.0,88.7,57.3,86.2,89.1,0,2,3.0,1,1
STU0040,Female,ECE,4,6.96,78.0,6.54,54.6,0,44.2,56.9,71.2,76.6,73.2,0,2,0.0,0,0
STU0041,Male,ME,3,7.15,86.1,7.16,73.1,2,59.9,51.8,79.8,62.6,50.9,0,1,1.0,0,0
STU0042,Male,IT,1,7.94,77.6,8.51,78.4,0,55.7,53.5,43.0,69.6,65.0,0,1,2.0,0,1
STU0043,Male,IT,3,5.97,73.3,5.93,47.2,0,52.6,74.9,18.7,56.0,67.0,1,2,3.0,1,1
STU0044,Female,CSE,4,7.62,70.5,7.8,72.0,3,45.4,59.2,57.6,67.1,47.0,1,1,1.0,1,1
STU0045,Female,IT,2,7.38,52.8,6.96,63.9,0,66.4,50.4,63.9,66.1,56.5,1,1,1.0,1,1
STU0046,Male,CSE,4,7.74,64.2,7.91,71.0,0,93.1,92.0,63.0,79.5,59.5,1,0,2.0,0,1
STU0047,Female,IT,1,7.52,68.1,7.44,69.1,0,62.8,46.6,51.5,79.5,90.3,1,0,2.0,1,0
STU0048,Male,CSE,2,9.9,90.9,10.0,87.9,0,79.9,62.6,60.5,72.4,27.6,0,2,0.0,0,1
STU0049,Male,ECE,1,6.5,80.2,6.97,54.6,0,32.2,73.7,88.3,59.6,83.5,0,1,2.0,0,0
STU0050,Female,CSE,2,6.62,48.6,7.65,56.1,0,63.2,32.6,65.6,76.1,47.1,1,1,1.0,1,1
STU0051,Male,CSE,2,6.51,79.9,6.75,54.0,1,38.1,70.6,50.5,63.6,,0,1,1.0,0,0
STU0052,Female,CE,4,6.59,69.2,6.72,55.1,0,30.5,43.0,48.0,48.8,83.1,0,2,1.0,1,0
STU0053,Male,IT,1,6.5,64.8,6.58,58.2,1,45.2,76.8,54.6,59.0,75.4,0,3,1.0,1,1
STU0054,Female,ME,2,8.51,84.2,8.37,73.0,0,83.8,44.7,90.7,66.3,84.3,0,3,3.0,0,1
STU0055,Male,CE,3,8.76,90.5,8.9,82.3,0,79.0,74.5,54.3,78.7,76.6,1,1,1.0,0,1
STU0056,Male,CE,4,6.57,89.0,6.45,66.6,1,64.9,81.9,57.6,62.2,98.0,0,0,3.0,0,1
STU0057,Female,CSE,4,6.28,62.4,6.35,53.7,4,29.3,77.5,48.4,46.9,72.5,1,1,,1,0
STU0058,Female,CSE,4,7.72,70.4,8.25,70.7,0,56.1,66.5,80.0,65.9,60.3,1,2,2.0,0,1
STU0059,Male,CSE,4,6.59,80.0,6.19,61.8,3,66.0,57.8,97.2,66.7,68.8,0,2,2.0,1,1
STU0060,Male,ECE,4,7.9,89.6,8.35,73.4,1,63.5,51.6,67.0,67.8,84.1,0,2,2.0,0,1
STU0061,Female,CSE,4,7.42,67.8,7.95,67.2,1,23.1,88.5,59.7,78.8,49.8,0,0,1.0,1,0
STU0062,Male,CSE,3,5.53,72.2,5.49,53.5,1,42.2,49.4,58.7,80.3,51.9,0,2,1.0,1,0
STU0063,Female,CSE,1,8.9,58.4,8.05,82.5,0,58.7,43.3,10.3,56.1,57.7,1,0,2.0,1,1
STU0064,Female,CSE,2,9.18,57.1,8.93,76.4,0,70.7,74.0,72.9,55.8,27.2,1,2,2.0,1,1
STU0065,Male,IT,3,6.53,87.2,7.04,63.1,1,16.1,47.7,60.7,49.4,65.3,1,1,0.0,1,0
STU0066,Male,CSE,2,6.77,95.3,6.76,65.4,0,56.8,44.9,66.6,75.5,30.9,0,2,2.0,0,1
STU0067,Female,ME,2,7.51,73.9,7.11,,3,62.9,36.0,43.8,86.7,63.9,1,0,1.0,1,1
STU0068,Male,ME,3,7.57,90.1,7.37,68.3,0,77.0,53.3,50.3,60.3,77.7,1,1,1.0,0,1
STU0069,Female,ME,4,7.92,80.4,8.26,74.7,0,73.9,60.5,49.8,61.4,54.9,1,2,2.0,0,1
STU0070,Male,CSE,1,9.41,65.3,9.63,83.7,1,71.7,66.4,78.4,87.0,91.5,1,1,1.0,0,1
STU0071,Female,ECE,4,7.01,80.4,6.91,68.4,0,44.0,79.1,50.4,72.6,38.2,1,2,2.0,1,1
STU0072,Male,CSE,3,6.32,98.1,6.18,68.7,1,21.8,71.5,99.7,71.5,83.3,1,2,1.0,0,1
STU0073,Female,ECE,4,5.68,74.5,5.53,47.2,1,52.1,58.6,66.6,47.1,74.5,1,2,0.0,1,0
STU0074,Male,CSE,4,6.4,98.5,6.03,50.7,3,80.0,58.4,32.5,75.2,33.8,0,1,1.0,0,0
STU0075,Male,ME,4,7.16,35.7,7.81,66.0,2,87.9,71.2,55.4,51.1,100.0,1,1,0.0,1,1
STU0076,Female,ME,3,9.17,87.3,9.05,86.2,1,74.2,84.9,45.0,48.0,61.9,0,2,2.0,0,1
STU0077,Male,ME,2,6.63,76.3,7.12,58.5,1,68.6,64.3,14.1,59.8,48.1,0,1,1.0,1,0
STU0078,Male,ECE,3,7.45,70.5,8.05,74.3,4,67.6,53.6,90.0,56.2,,1,2,1.0,1,1
STU0079,Male,ECE,4,7.18,76.4,7.58,57.9,0,48.9,44.1,72.1,61.7,59.3,1,1,0.0,0,1
STU0080,Male,CE,4,8.51,45.2,8.33,80.0,0,57.4,36.0,68.7,43.4,60.8,0,1,1.0,1,1
STU0081,Female,CSE,4,9.98,71.7,10.0,86.8,0,93.4,74.0,61.3,79.4,64.7,0,1,2.0,0,1
STU0082,Female,CE,1,6.62,80.4,,68.1,0,41.1,72.4,30.4,81.9,57.9,0,0,0.0,0,0
STU0083,Male,CE,3,6.66,97.2,6.3,69.9,1,92.3,72.4,48.3,35.8,73.8,1,1,1.0,0,1
STU0084,Female,ECE,2,8.35,67.2,8.48,71.3,1,53.6,59.7,74.8,79.7,56.4,1,2,3.0,0,1
STU0085,Female,CSE,1,7.95,62.9,7.48,68.8,1,86.5,87.3,37.0,52.8,30.1,1,2,2.0,0,1
STU0086,Female,ECE,2,9.23,67.5,9.71,87.4,0,31.9,53.3,7.4,77.9,60.5,1,1,2.0,0,0
STU0087,Male,CSE,1,7.84,88.7,7.66,68.6,2,71.7,79.2,53.5,64.0,22.8,0,3,0.0,0,1
STU0088,Female,CSE,4,6.8,79.9,6.89,61.0,0,45.3,61.3,55.2,65.4,69.0,1,1,1.0,1,1
STU0089,Female,CSE,2,7.85,67.1,,70.8,1,31.7,51.0,60.7,62.2,46.4,0,3,2.0,0,1
STU0090,Male,CSE,2,8.42,82.7,8.32,66.2,1,64.4,72.7,72.6,83.2,,1,2,2.0,0,1
STU0091,Male,ME,4,8.1,76.5,8.34,72.9,0,80.2,69.4,70.8,46.4,85.3,1,2,,0,1
STU0092,Male,CE,2,7.76,89.5,7.57,66.4,0,43.1,68.4,63.2,74.1,46.9,1,0,2.0,0,1
STU0093,Female,CSE,1,8.37,64.5,8.72,72.9,0,30.0,63.5,81.9,81.5,81.0,0,1,1.0,0,1
STU0094,Male,IT,2,8.49,70.1,7.95,83.6,2,58.2,61.3,27.6,75.7,55.6,0,0,,0,0
STU0095,Female,IT,1,8.72,69.1,8.77,,3,58.3,100.0,68.1,99.9,92.8,0,2,2.0,0,1
STU0096,Male,IT,1,7.91,53.0,8.69,75.3,1,71.0,83.3,70.5,57.1,56.8,1,1,2.0,1,1
STU0097,Female,CE,1,7.02,79.4,6.62,61.8,0,79.0,75.0,33.2,79.4,48.7,1,2,1.0,1,1
STU0098,Female,ECE,3,7.36,78.9,7.09,64.9,0,58.8,64.0,27.9,63.4,74.7,0,1,2.0,0,1
STU0099,Female,CSE,1,8.53,75.1,8.73,80.7,2,97.1,80.1,43.1,83.5,55.6,1,2,1.0,0,1
STU0100,Female,ME,2,6.3,71.5,6.37,58.4,2,64.5,71.3,44.8,64.9,48.7,1,0,1.0,1,1
STU0101,Female,ME,4,7.61,53.8,7.75,,0,53.1,62.5,73.1,59.2,54.9,0,0,,1,1
STU0102,Male,CE,2,6.77,68.7,6.96,65.7,0,27.8,56.5,45.7,84.6,62.2,1,1,2.0,0,1
STU0103,Female,IT,4,7.23,69.9,7.49,63.4,1,54.7,60.5,40.9,57.6,85.8,1,1,1.0,1,1
STU0104,Male,ME,3,8.61,63.0,9.05,74.4,0,53.3,4.9,45.8,43.8,30.1,1,1,0.0,1,1
STU0105,Female,ECE,2,7.41,72.6,7.57,61.3,0,79.2,65.8,80.4,57.2,63.4,0,2,0.0,0,1
STU0106,Male,CSE,4,7.25,81.1,,61.1,0,69.2,53.2,58.3,74.3,73.6,0,0,2.0,0,1
STU0107,Female,CSE,1,5.7,100.0,5.97,66.1,1,36.4,90.7,54.4,85.9,66.3,0,1,1.0,0,0
STU0108,Female,ME,1,8.02,77.6,8.78,78.4,3,63.4,62.3,55.8,66.7,85.3,0,2,2.0,0,0
STU0109,Male,ME,3,7.91,78.9,7.86,64.4,4,73.4,40.6,83.8,84.8,61.7,0,0,3.0,0,1
STU0110,Male,CE,3,9.58,73.9,9.19,79.6,1,90.6,61.1,43.0,44.6,59.9,1,3,2.0,0,1
STU0111,Other,ME,4,6.86,46.2,7.3,,1,77.8,43.2,84.3,58.4,73.1,1,3,1.0,1,1
STU0112,Male,IT,4,7.44,74.6,7.39,69.7,0,75.2,70.5,62.2,60.7,64.7,1,0,2.0,0,1
STU0113,Male,ME,2,7.47,75.9,6.61,70.0,1,61.2,67.2,54.8,63.3,56.4,0,1,1.0,0,1
STU0114,Male,CE,3,8.94,100.0,9.27,79.1,0,67.8,79.2,100.0,66.3,71.8,1,1,0.0,0,1
STU0115,Other,CSE,3,7.1,72.1,6.88,63.2,1,85.0,47.8,36.9,75.4,51.9,1,2,0.0,1,1
STU0116,Other,IT,4,7.51,79.5,7.47,69.2,0,33.3,62.6,50.9,58.3,52.6,1,2,1.0,0,0
STU0117,Female,ME,4,7.87,74.5,8.0,71.2,0,53.0,37.4,33.4,67.1,54.0,1,2,3.0,0,1
STU0118,Female,CSE,4,7.41,57.5,,55.6,0,44.5,74.6,77.0,64.3,86.0,1,2,0.0,1,1
STU0119,Male,CSE,2,6.71,92.1,6.99,59.2,0,67.6,71.3,91.8,51.1,8.2,1,0,0.0,0,1
STU0120,Other,IT,4,7.41,86.3,7.24,62.5,0,84.6,70.9,91.4,63.3,69.7,0,2,3.0,0,1
STU0121,Male,CSE,2,8.38,86.9,8.59,76.3,0,48.1,62.0,82.5,62.8,63.6,1,2,0.0,0,1
STU0122,Male,ECE,2,6.07,61.4,,69.6,5,12.2,69.5,54.0,62.5,34.4,0,2,2.0,1,0
STU0123,Male,ECE,4,7.35,96.0,7.64,68.0,0,51.8,90.9,50.7,65.5,,0,3,1.0,0,0
STU0124,Female,ME,1,6.43,54.0,6.68,56.3,1,78.3,56.9,24.6,66.1,71.1,0,2,0.0,1,1
STU0125,Female,CE,4,8.51,83.8,8.14,81.2,3,70.8,64.5,98.7,58.5,73.0,0,1,3.0,1,1
STU0126,Male,ECE,1,5.52,100.0,5.96,52.1,5,68.6,42.4,67.4,84.1,,0,1,0.0,1,0
STU0127,Other,ECE,4,6.59,60.1,6.37,,1,54.4,46.4,48.2,47.5,86.2,0,1,1.0,1,0
STU0128,Male,IT,2,7.61,66.5,7.94,71.6,2,34.4,63.8,84.6,54.2,50.5,0,0,1.0,1,1
STU0129,Male,CE,2,8.92,76.5,,90.0,0,70.3,81.9,38.5,100.0,74.7,1,3,0.0,0,1
STU0130,Male,IT,2,7.13,67.4,7.86,58.5,0,43.3,57.4,66.1,49.4,75.6,0,0,0.0,0,0
STU0131,Female,ECE,3,6.59,51.7,6.5,61.7,0,100.0,57.8,54.5,44.7,48.1,1,2,0.0,1,1
STU0132,Female,CSE,2,9.27,76.0,9.13,78.8,1,71.4,54.7,70.8,76.0,74.2,0,1,,0,1
STU0133,Male,ECE,3,5.61,59.1,5.6,53.2,1,48.4,52.4,56.7,33.8,56.4,1,0,2.0,1,1
STU0134,Female,CE,1,4.78,82.1,4.66,38.4,0,47.8,67.3,29.0,61.5,27.8,1,3,1.0,1,1
STU0135,Male,CSE,1,7.68,61.2,8.0,67.1,0,58.1,35.0,59.5,97.2,82.9,1,3,1.0,1,1
STU0136,Female,CSE,1,6.65,98.2,6.0,58.4,1,55.2,85.1,79.0,41.8,49.8,1,1,1.0,0,1
STU0137,Other,CSE,2,6.08,63.3,5.66,59.6,0,82.3,50.0,57.4,35.3,48.5,0,1,3.0,1,0
STU0138,Male,ECE,4,7.98,70.2,7.55,76.4,1,63.7,75.0,73.5,42.5,56.1,1,0,3.0,0,1
STU0139,Female,CE,4,7.47,87.2,7.85,61.0,1,45.4,39.1,37.1,78.5,67.6,1,1,2.0,0,0
STU0140,Female,CSE,2,6.58,56.5,7.26,59.5,1,97.8,74.0,57.5,81.9,62.0,1,1,2.0,1,1
STU0141,Male,ME,3,5.79,78.4,5.75,48.6,2,61.0,74.1,45.5,57.3,72.3,1,1,1.0,1,0
STU0142,Female,IT,4,8.16,94.6,,67.1,3,75.4,68.9,72.9,75.2,40.2,0,3,1.0,0,1
STU0143,Male,CSE,2,7.92,50.9,7.94,70.2,0,47.8,44.1,58.6,85.9,50.4,1,2,1.0,1,1
STU0144,Male,ME,2,7.09,77.8,7.56,62.3,2,67.3,66.5,71.8,91.8,61.0,0,3,1.0,1,1
STU0145,Male,IT,3,9.23,78.9,8.86,90.0,1,66.2,40.7,79.8,61.3,95.3,1,2,1.0,0,1
STU0146,Male,IT,1,6.02,86.7,6.12,56.4,0,22.2,57.5,71.8,30.5,61.1,0,1,1.0,1,0
STU0147,Female,CSE,1,5.52,56.4,5.91,42.8,0,100.0,80.5,63.5,52.7,81.4,1,3,3.0,1,1
STU0148,Female,CSE,1,6.44,55.2,,55.1,0,85.8,76.3,38.0,58.6,63.7,0,1,,1,1
STU0149,Female,CSE,3,7.15,82.8,7.23,69.5,0,52.1,62.3,57.9,61.1,54.8,0,3,1.0,0,1
STU0150,Male,CE,1,7.47,79.5,7.87,77.7,1,38.0,44.5,47.3,62.2,58.8,1,1,2.0,0,0
STU0151,Male,CE,1,6.93,78.8,5.85,54.5,2,67.0,73.6,51.1,81.8,60.1,1,0,1.0,0,1
STU0152,Male,ME,2,7.59,80.2,7.86,58.9,0,61.7,62.3,50.5,84.1,73.3,1,3,0.0,0,1
STU0153,Female,ECE,1,5.82,64.8,5.56,61.8,0,67.1,20.2,38.4,62.4,86.4,0,2,1.0,1,0
STU0154,Other,CSE,1,8.79,78.5,8.06,81.0,4,63.8,76.1,18.9,81.5,69.1,0,3,1.0,0,1
STU0155,Female,ME,4,7.11,79.4,7.31,59.6,0,70.1,61.6,44.6,70.4,83.2,1,3,0.0,0,1
STU0156,Male,ECE,1,8.43,64.3,8.98,78.5,0,88.9,83.6,61.9,66.0,46.6,1,0,2.0,0,1
STU0157,Female,CE,3,7.58,100.0,7.52,55.0,1,71.4,42.3,31.0,78.6,56.0,1,1,,0,1
STU0158,Female,ECE,2,7.7,82.1,8.08,69.3,1,39.0,4.8,58.3,66.1,50.7,1,1,1.0,0,0
STU0159,Male,ECE,3,7.83,57.1,8.47,72.1,0,87.3,67.0,96.0,95.9,68.3,1,2,0.0,1,1
STU0160,Female,CSE,3,7.69,84.8,8.22,73.9,0,92.8,67.2,78.5,43.4,56.9,0,2,0.0,0,1
STU0161,Male,CSE,2,7.91,60.4,8.56,,0,100.0,31.6,90.9,57.3,75.4,1,1,2.0,1,1
STU0162,Male,CSE,4,8.66,86.8,8.96,78.4,1,37.5,44.4,65.8,63.1,47.2,1,2,1.0,0,1
STU0163,Male,CSE,3,7.42,92.4,,62.1,1,64.9,100.0,81.4,71.6,63.7,0,2,,0,1
STU0164,Male,ECE,4,7.98,62.7,7.34,73.1,0,18.4,56.5,43.5,84.0,74.7,1,0,3.0,0,1
STU0165,Male,CSE,2,7.1,89.5,7.0,59.4,1,71.1,75.2,45.1,64.6,27.9,1,2,1.0,0,1
STU0166,Male,CSE,4,8.78,81.2,8.45,77.0,2,49.0,50.3,3.2,43.7,99.1,0,2,1.0,0,0
STU0167,Male,CE,4,6.46,87.3,7.32,53.1,0,98.5,24.4,81.7,77.6,58.2,0,3,2.0,0,1
STU0168,Female,ECE,4,9.18,100.0,9.11,85.9,0,44.5,58.9,88.8,76.3,28.6,0,1,3.0,0,1
STU0169,Other,ME,3,7.16,71.3,7.21,68.7,1,26.2,57.2,46.9,35.9,65.7,1,0,,0,0
STU0170,Female,CE,3,5.63,63.7,5.85,49.5,0,50.6,54.8,52.9,64.9,63.6,0,1,2.0,1,0
STU0171,Male,ME,4,7.34,61.7,7.36,66.3,0,20.5,59.9,42.9,41.1,61.6,0,0,2.0,1,0
STU0172,Male,IT,4,6.45,62.8,7.13,50.8,1,75.0,66.8,65.7,55.0,79.9,1,3,1.0,1,1
STU0173,Male,CSE,4,8.12,73.8,7.88,71.6,3,18.7,59.3,80.5,51.5,75.7,1,0,1.0,1,0
STU0174,Male,CE,2,6.48,80.1,6.56,58.1,2,60.6,39.2,23.1,77.1,68.1,1,2,2.0,1,0
STU0175,Female,IT,4,6.71,79.2,6.41,73.5,1,18.4,70.8,66.2,66.8,70.7,1,1,2.0,0,1
STU0176,Female,IT,2,5.12,87.4,4.59,40.5,2,53.6,26.9,52.5,45.7,61.2,1,1,0.0,1,0
STU0177,Female,CSE,3,6.7,75.2,6.46,67.6,0,92.9,25.1,60.3,78.2,93.2,1,0,1.0,0,1
STU0178,Female,ECE,1,4.53,96.8,4.52,45.8,1,67.2,75.3,67.2,43.5,37.9,1,2,0.0,0,1
STU0179,Male,CSE,2,5.46,71.0,5.29,50.5,0,42.7,71.1,54.2,70.0,65.4,1,2,0.0,1,0
STU0180,Male,ME,4,8.04,100.0,7.76,81.1,0,59.4,61.0,55.9,52.8,64.1,0,1,3.0,0,1
STU0181,Female,CE,1,8.06,84.4,7.5,74.4,1,60.4,36.9,53.7,59.5,76.8,1,3,0.0,0,1
STU0182,Male,ECE,3,7.67,62.1,7.63,71.0,1,69.5,49.3,77.4,72.6,48.7,0,1,0.0,0,1
STU0183,Male,ME,3,6.14,58.9,,55.0,0,32.7,57.3,66.4,72.8,33.4,0,1,1.0,1,0
STU0184,Male,ME,1,7.15,82.2,7.45,70.4,3,71.9,33.3,62.4,85.1,65.7,0,1,1.0,0,0
STU0185,Male,ECE,2,7.2,71.6,7.23,70.2,0,5.9,48.7,32.6,63.8,67.8,0,0,1.0,0,0
STU0186,Male,IT,3,5.93,85.7,5.34,50.2,0,47.4,73.7,50.4,69.6,88.3,1,3,0.0,0,1
STU0187,Female,CE,1,8.85,82.1,8.73,73.1,0,50.2,87.7,76.0,58.4,41.4,1,1,0.0,0,1
STU0188,Female,CSE,4,8.17,73.9,7.86,72.5,2,72.7,54.5,58.8,67.7,82.6,1,0,0.0,0,0
STU0189,Male,ME,4,6.96,62.3,7.08,58.6,1,60.5,75.6,71.2,71.6,100.0,1,1,1.0,1,1
STU0190,Male,CSE,2,7.23,52.3,7.77,64.7,0,31.9,27.5,93.3,63.5,56.6,1,2,1.0,1,0
STU0191,Female,ME,1,7.43,68.3,6.68,73.1,1,40.3,73.9,78.8,37.9,41.1,0,1,3.0,0,1
STU0192,Male,IT,3,4.95,87.8,5.0,42.3,0,64.0,47.5,59.9,70.0,56.1,1,2,1.0,0,1
STU0193,Male,IT,4,6.93,78.2,6.86,62.1,2,58.4,67.5,47.8,70.5,63.2,1,0,0.0,0,0
STU0194,Male,ECE,2,6.45,56.3,6.72,58.3,0,48.4,57.5,6.9,54.8,72.6,0,1,2.0,1,0
STU0195,Male,CSE,1,6.1,77.6,6.18,59.1,0,50.4,85.8,54.6,45.7,52.9,1,2,1.0,0,1
STU0196,Female,CSE,3,6.89,80.8,6.59,50.8,4,73.9,46.3,51.5,87.1,89.4,0,0,2.0,1,0
STU0197,Female,ME,4,9.18,61.7,9.05,79.6,0,49.6,73.3,65.8,72.4,44.1,0,3,1.0,0,1
STU0198,Male,CSE,2,7.9,77.3,7.59,,0,58.2,57.0,54.9,61.6,33.4,0,0,1.0,0,1
STU0199,Male,ME,2,6.57,75.9,7.0,65.1,1,100.0,59.2,51.6,47.9,81.8,0,2,2.0,0,1
STU0200,Male,CSE,4,7.83,57.9,,68.0,4,31.5,58.7,22.4,52.7,24.3,1,1,3.0,1,0
STU0201,Male,ECE,3,8.74,80.4,9.5,69.3,0,23.0,46.8,39.2,84.5,59.5,1,2,1.0,0,1
STU0202,Other,CSE,3,8.22,83.4,8.19,77.1,0,75.7,61.7,67.5,67.1,100.0,0,0,1.0,0,1
STU0203,Female,IT,3,7.27,91.2,6.98,62.2,0,46.4,60.9,92.3,56.7,62.8,1,0,1.0,0,0
STU0204,Female,CE,4,6.49,90.8,5.88,52.4,1,53.6,66.3,56.0,72.6,43.9,1,1,3.0,0,1
STU0205,Female,ECE,3,7.97,54.3,,68.6,0,44.4,63.5,64.6,52.8,62.0,0,0,3.0,0,0
STU0206,Female,CSE,4,7.63,60.9,7.0,67.8,1,54.8,76.4,77.0,87.5,62.1,0,1,0.0,1,1
STU0207,Female,ME,3,8.18,82.7,8.29,70.6,5,92.0,78.6,41.8,85.3,65.7,1,1,,1,1
STU0208,Male,CSE,4,7.9,82.7,8.1,60.1,0,76.0,43.1,65.3,58.0,74.3,1,2,1.0,0,1
STU0209,Male,ME,2,8.35,82.7,7.72,79.7,0,77.2,77.6,43.2,55.6,45.3,1,2,0.0,0,1
STU0210,Female,CE,2,6.61,100.0,6.97,65.9,0,31.7,40.6,75.3,25.7,91.7,0,2,1.0,0,0
STU0211,Male,ME,4,8.65,83.6,8.46,81.1,0,37.0,72.6,61.0,42.8,67.2,1,2,0.0,0,1
STU0212,Other,ME,2,7.42,92.0,7.48,61.1,3,3.2,73.2,64.0,44.9,75.4,0,1,1.0,0,0
STU0213,Female,ME,3,9.48,89.3,10.0,84.3,0,43.8,27.6,42.3,67.0,52.3,0,1,3.0,0,1
STU0214,Female,IT,2,6.44,84.8,6.8,57.9,0,79.1,63.7,72.1,60.1,84.9,1,1,,0,1
STU0215,Male,IT,4,9.11,70.3,9.0,85.0,1,70.3,53.6,99.7,44.8,58.6,0,2,1.0,0,1
STU0216,Female,ME,1,7.42,86.4,7.06,70.1,0,55.6,48.3,37.8,60.8,67.7,0,1,1.0,0,0
STU0217,Male,ECE,4,6.48,63.4,5.62,54.7,1,59.6,86.3,51.2,72.6,47.1,0,0,,1,1
STU0218,Other,ECE,3,6.67,71.4,6.38,60.4,0,46.2,50.2,62.6,72.9,46.1,0,2,0.0,0,0
STU0219,Male,CSE,1,6.85,67.7,6.76,63.9,2,64.1,47.5,73.7,36.5,74.7,1,1,2.0,1,1
STU0220,Female,ME,3,7.67,76.2,7.27,76.3,4,75.3,63.4,46.8,63.1,55.5,1,3,1.0,1,1
STU0221,Female,ME,2,7.78,100.0,7.72,73.5,1,27.7,74.3,1.3,44.2,,0,3,0.0,0,0
STU0222,Male,CSE,2,6.57,47.0,6.6,63.1,4,66.0,59.5,85.2,78.5,52.1,0,0,1.0,1,1
STU0223,Male,CSE,2,7.17,85.3,7.08,65.0,0,78.6,83.0,73.2,76.8,74.9,0,0,0.0,0,0
STU0224,Other,ECE,1,9.56,50.8,,90.0,0,51.7,71.6,23.1,51.5,52.3,1,1,2.0,1,1
STU0225,Male,IT,4,9.1,67.9,9.17,84.0,1,74.0,22.8,45.8,53.5,61.0,0,2,1.0,0,1
STU0226,Female,ME,1,7.68,91.3,7.86,64.8,1,100.0,52.5,89.4,58.1,63.3,1,1,1.0,0,1
STU0227,Male,ME,3,7.24,76.0,6.81,72.2,0,57.9,51.9,87.0,31.2,30.4,0,2,0.0,0,0
STU0228,Female,ECE,2,7.33,58.8,7.9,69.5,0,67.9,70.6,76.8,70.0,38.0,0,2,2.0,1,1
STU0229,Female,ME,3,7.87,64.3,7.84,68.7,0,45.2,14.8,54.5,60.9,68.7,1,1,1.0,1,1
STU0230,Male,ECE,2,6.07,85.2,6.08,52.3,0,63.6,100.0,59.7,79.6,50.5,1,0,1.0,0,1
STU0231,Male,ME,3,6.92,64.0,7.2,63.7,0,69.2,71.6,55.4,48.5,81.0,0,2,1.0,1,1
STU0232,Female,CSE,3,5.36,78.2,,,2,63.9,64.7,80.6,55.7,79.4,1,1,1.0,1,1
STU0233,Male,ECE,3,7.64,75.7,8.02,69.7,0,39.6,83.3,40.5,42.4,75.2,1,2,0.0,0,1
STU0234,Male,CSE,1,7.91,65.2,8.03,72.8,0,64.1,100.0,41.9,49.9,93.9,1,1,2.0,1,1
STU0235,Female,ECE,3,6.67,100.0,6.42,68.5,1,89.2,77.7,78.2,47.3,61.6,1,2,0.0,0,1
STU0236,Male,IT,2,8.93,84.5,9.08,,1,69.0,79.1,57.1,79.9,74.0,1,3,0.0,0,1
STU0237,Male,CSE,1,5.85,44.6,5.39,53.6,3,79.2,64.4,85.6,54.5,53.1,1,3,2.0,1,1
STU0238,Female,ECE,2,5.59,77.8,5.63,55.0,1,55.3,59.5,44.6,66.9,100.0,0,1,0.0,1,0
STU0239,Male,ME,2,7.45,65.1,7.43,61.9,0,75.0,53.4,56.9,59.3,96.7,1,1,1.0,0,0
STU0240,Male,IT,3,8.35,87.8,8.27,77.2,2,65.6,47.1,39.6,46.0,63.2,1,2,1.0,0,1
STU0241,Male,ECE,3,9.05,63.1,9.0,90.0,1,41.0,49.6,58.1,62.5,69.6,0,1,,1,1
STU0242,Female,CE,2,6.7,73.3,5.94,59.2,0,66.4,37.7,28.4,74.0,86.1,0,0,2.0,0,0
STU0243,Female,IT,2,8.39,82.6,8.17,71.2,1,40.2,60.6,48.2,46.9,60.5,0,3,1.0,0,1
STU0244,Female,ECE,1,7.16,88.0,7.19,61.2,3,47.3,31.7,29.3,77.1,51.8,1,0,1.0,0,0
STU0245,Male,ECE,3,7.01,57.0,7.07,57.6,0,63.8,65.4,71.9,52.3,77.9,1,0,2.0,1,1
STU0246,Male,ECE,3,8.17,70.0,7.76,69.6,0,65.9,61.3,72.3,57.8,64.3,1,0,1.0,0,1
STU0247,Male,CE,2,7.92,67.9,8.42,69.4,0,36.2,64.6,23.4,73.0,66.1,0,2,1.0,1,0
STU0248,Male,CSE,3,5.47,65.2,5.12,42.2,0,81.1,52.6,84.7,55.0,48.8,1,2,1.0,0,1
STU0249,Female,ECE,3,8.82,100.0,9.21,79.5,0,71.4,100.0,100.0,65.6,33.8,1,1,1.0,0,1
STU0250,Male,ME,3,8.72,81.1,8.89,83.0,1,45.9,86.5,58.9,60.3,67.0,0,1,3.0,0,1
STU0251,Male,ME,3,6.51,56.1,6.25,54.1,0,29.2,39.6,45.2,66.9,78.4,1,1,2.0,1,1
STU0252,Male,ECE,3,7.64,88.8,8.35,76.3,4,57.1,66.2,100.0,29.3,59.2,1,2,0.0,0,1
STU0253,Female,ME,3,7.74,100.0,7.27,72.2,2,51.1,51.1,31.6,37.6,87.4,1,0,0.0,0,1
STU0254,Female,CSE,2,7.49,90.5,7.85,72.5,1,62.3,43.7,58.4,74.2,51.0,1,3,0.0,0,1
STU0255,Female,ECE,1,6.59,52.2,6.99,56.1,2,52.7,37.9,61.6,80.6,45.1,1,1,0.0,1,0
STU0256,Female,ME,1,6.46,67.7,6.19,62.4,0,19.9,69.8,84.9,51.3,61.9,0,3,0.0,0,0
STU0257,Male,IT,3,7.17,94.0,7.73,,0,52.2,49.7,65.2,61.3,61.6,1,0,1.0,0,1
STU0258,Male,CSE,4,8.49,64.4,8.39,80.9,1,53.9,79.4,48.0,69.4,76.1,0,2,2.0,0,1
STU0259,Male,IT,2,7.8,81.7,7.91,71.0,2,72.7,79.9,39.0,75.4,49.8,0,1,2.0,0,1
STU0260,Female,ME,1,6.79,86.6,6.9,63.9,2,46.0,86.7,51.2,34.6,86.3,0,0,0.0,0,1
STU0261,Female,CSE,4,8.05,61.1,8.0,66.6,0,93.6,46.7,37.9,51.7,96.4,1,3,,1,1
STU0262,Female,CE,4,4.07,74.1,4.39,32.1,4,21.8,70.6,59.0,60.0,62.3,0,3,1.0,1,0
STU0263,Female,CSE,4,8.46,30.0,8.78,79.2,0,86.2,73.4,46.7,75.5,84.2,0,1,2.0,1,1
STU0264,Female,IT,3,5.29,59.6,4.59,42.8,3,55.5,53.5,28.1,100.0,45.0,0,2,2.0,1,1
STU0265,Female,IT,4,6.8,71.2,7.32,63.5,4,77.2,48.1,83.1,61.6,81.3,1,2,3.0,1,1
STU0266,Female,CSE,1,5.97,56.3,5.3,46.9,0,61.6,91.0,48.0,43.9,80.8,1,3,1.0,1,1
STU0267,Female,CSE,1,5.78,99.5,6.19,56.2,2,82.8,66.1,32.6,71.0,77.7,1,1,2.0,0,1
STU0268,Male,ECE,1,8.48,53.5,8.93,,0,52.3,73.4,54.6,84.8,62.7,1,1,0.0,1,1
STU0269,Female,ECE,3,6.69,68.4,6.25,62.9,0,38.0,47.2,59.4,66.6,12.8,1,1,1.0,0,1
STU0270,Female,ECE,1,7.58,77.0,7.42,71.4,1,88.4,40.1,23.1,51.4,52.1,0,1,0.0,0,1
STU0271,Male,ECE,3,7.15,96.6,6.71,60.9,1,57.7,51.7,64.6,79.4,52.4,1,3,1.0,0,1
STU0272,Female,ME,3,7.72,53.5,7.64,72.4,4,64.4,59.8,37.1,75.0,46.4,0,0,,1,1
STU0273,Female,CSE,2,7.28,92.4,7.16,66.9,1,84.7,42.8,92.2,49.6,65.1,0,0,1.0,0,1
STU0274,Male,CE,4,5.79,75.2,6.1,,0,39.4,61.8,68.5,70.7,55.9,0,2,0.0,1,1
STU0275,Female,CE,1,8.3,60.3,8.82,69.6,2,71.9,31.6,50.0,80.0,49.0,1,2,0.0,1,1
STU0276,Male,ECE,2,6.66,81.9,,50.1,4,48.2,41.8,43.1,82.7,45.0,1,0,0.0,1,0
STU0277,Female,IT,4,5.49,78.0,5.26,51.1,0,57.4,74.1,55.9,64.0,50.8,1,1,0.0,1,0
STU0278,Female,CSE,1,6.73,66.0,6.65,52.7,5,61.4,72.9,70.3,59.6,82.1,0,3,0.0,1,0
STU0279,Male,CSE,3,8.85,76.0,8.18,80.1,0,30.0,54.9,57.5,83.4,51.8,1,1,0.0,0,1
STU0280,Male,ME,4,8.14,69.2,7.81,71.9,2,44.4,43.7,53.7,46.8,54.2,0,2,0.0,0,0
STU0281,Female,ECE,4,6.82,76.7,7.2,64.7,0,87.0,43.5,59.2,71.6,55.2,0,2,3.0,0,1
STU0282,Male,ME,4,6.82,84.9,7.46,59.8,0,77.7,55.3,45.9,44.4,68.8,0,1,1.0,0,1
STU0283,Male,IT,2,6.85,98.8,6.35,60.0,0,58.7,73.6,51.1,81.0,70.8,1,3,0.0,0,1
STU0284,Female,IT,3,9.48,56.4,9.25,89.0,1,64.9,78.7,16.3,61.1,11.2,0,2,1.0,1,0
STU0285,Male,ME,1,7.62,100.0,7.61,70.3,0,54.1,53.1,77.5,84.0,80.4,1,1,2.0,0,1
STU0286,Male,CE,2,7.67,45.7,7.79,,0,87.1,41.2,64.0,72.4,87.4,1,2,2.0,1,1
STU0287,Female,CSE,1,8.33,72.7,8.01,77.3,1,56.0,66.8,42.5,46.7,45.1,1,2,1.0,0,1
STU0288,Female,CSE,2,7.46,83.8,7.63,59.5,3,64.6,47.2,96.0,86.4,,1,2,1.0,0,1
STU0289,Female,CE,4,6.92,79.2,6.73,66.0,0,82.9,52.7,59.7,88.3,55.3,0,3,2.0,0,1
STU0290,Female,ECE,2,6.98,65.7,6.98,65.9,0,44.5,85.9,37.3,78.2,50.1,0,1,2.0,0,1
STU0291,Male,ECE,3,7.12,71.9,7.34,59.0,0,91.2,76.9,75.1,53.6,66.8,1,1,2.0,0,1
STU0292,Male,ECE,2,7.16,67.6,7.16,63.2,0,29.4,64.8,66.0,60.4,29.9,1,1,2.0,0,1
STU0293,Male,ME,3,8.0,66.2,7.83,71.8,2,92.6,39.1,65.9,67.2,44.0,1,0,2.0,1,1
STU0294,Female,CSE,4,7.26,87.7,7.21,64.6,2,52.5,65.8,49.5,54.4,89.2,1,0,1.0,0,1
STU0295,Female,ME,2,8.01,80.4,7.97,73.7,1,55.1,81.1,67.0,90.4,47.2,0,3,1.0,0,1
STU0296,Female,CSE,3,7.11,64.6,6.96,71.2,0,22.2,55.2,52.8,67.2,84.1,0,2,1.0,1,0
STU0297,Female,CSE,2,7.29,88.5,7.18,71.0,2,50.9,86.3,69.1,24.4,69.0,1,2,2.0,0,1
STU0298,Female,ECE,1,5.0,79.6,5.64,38.5,1,39.2,85.3,19.9,70.1,32.2,0,2,0.0,1,0
STU0299,Male,CSE,3,8.21,87.2,8.43,77.0,2,47.8,91.9,49.3,59.8,73.8,0,2,3.0,0,1
STU0300,Male,IT,4,7.58,84.4,7.46,74.9,1,57.3,67.5,92.4,63.9,61.0,1,1,0.0,0,1
STU0301,Male,CSE,1,8.3,62.6,8.58,76.6,2,79.2,72.6,42.7,59.5,55.3,0,3,1.0,1,0
STU0302,Male,CSE,1,4.01,66.6,4.0,41.6,1,64.2,87.5,45.9,77.1,67.2,1,1,2.0,1,1
STU0303,Female,ME,1,9.5,86.2,9.97,90.0,0,66.2,70.1,49.0,81.8,71.1,1,3,0.0,0,1
STU0304,Male,ECE,4,7.05,84.2,7.19,68.5,4,38.1,53.0,33.7,69.2,75.0,1,2,1.0,0,0
STU0305,Female,CSE,3,8.42,74.7,8.38,77.0,1,42.4,53.9,13.8,59.9,83.0,0,1,0.0,0,0
STU0306,Female,CSE,3,6.06,76.8,6.24,59.7,1,96.0,66.3,53.4,64.4,69.9,0,2,1.0,1,1
STU0307,Male,IT,3,7.87,94.2,7.25,71.6,0,45.3,38.8,60.7,65.3,39.6,1,1,0.0,0,1
STU0308,Male,ME,4,6.04,66.1,5.59,54.5,1,93.1,59.4,56.9,53.0,54.9,0,0,1.0,1,1
STU0309,Male,ECE,4,6.51,83.2,6.04,56.9,1,55.1,81.7,55.1,73.7,100.0,0,2,1.0,0,1
STU0310,Male,ECE,4,9.31,72.0,9.36,90.0,0,60.0,22.6,58.9,71.9,75.3,0,1,3.0,0,1
STU0311,Female,CSE,4,6.99,71.7,7.68,58.8,0,81.4,89.6,78.5,88.1,100.0,0,0,3.0,0,1
STU0312,Male,ECE,3,7.44,91.5,8.33,74.6,1,85.4,82.2,54.2,83.8,86.7,0,3,0.0,0,1
STU0313,Female,ME,3,8.16,87.4,8.41,75.9,2,57.8,53.7,46.5,54.7,67.1,1,2,2.0,0,0
STU0314,Female,IT,4,7.75,87.2,,62.7,1,52.2,71.8,52.4,77.3,68.1,0,3,0.0,0,1
STU0315,Female,CSE,4,7.37,94.6,6.65,68.1,0,58.9,62.1,69.6,50.7,62.4,0,2,0.0,0,1
STU0316,Female,CE,1,7.6,75.3,7.38,57.9,1,66.8,84.1,86.2,75.4,33.5,1,1,0.0,0,1
STU0317,Male,CSE,1,9.84,85.2,9.53,90.0,0,77.8,79.7,45.4,57.3,63.3,1,1,,0,1
STU0318,Male,CSE,4,7.14,70.3,6.89,68.7,0,60.1,36.8,60.0,49.7,83.6,0,2,3.0,0,0
STU0319,Male,CSE,2,7.42,79.9,7.35,63.8,0,72.4,72.6,64.8,69.2,52.8,0,3,0.0,0,1
STU0320,Male,CSE,4,8.36,73.0,8.17,75.8,0,92.8,58.3,38.1,24.9,70.0,1,1,0.0,1,1
STU0321,Female,IT,2,8.42,76.5,7.62,85.5,0,67.6,63.5,58.4,38.7,77.5,1,3,0.0,0,1
STU0322,Female,ECE,1,8.51,83.9,8.8,74.0,0,66.2,48.9,28.7,62.3,47.5,1,3,1.0,0,1
STU0323,Male,CSE,1,7.9,62.7,7.47,,0,29.6,93.5,22.6,66.2,55.3,1,2,1.0,0,1
STU0324,Male,IT,1,5.94,100.0,6.04,60.9,0,7.4,80.7,65.3,59.5,45.7,0,3,0.0,0,1
STU0325,Male,IT,2,9.0,59.9,9.83,90.0,1,67.8,48.7,50.3,41.3,49.0,1,1,2.0,1,1
STU0326,Female,CE,3,5.94,56.8,5.57,53.5,0,58.1,38.0,62.0,52.7,41.1,0,3,1.0,1,1
STU0327,Female,IT,3,7.53,92.4,6.52,72.9,0,49.7,55.1,57.6,70.9,47.7,1,2,3.0,0,1
STU0328,Female,CSE,4,6.37,86.9,6.26,64.0,2,64.9,69.8,38.5,73.7,87.1,1,0,,0,1
STU0329,Female,CE,2,7.13,84.4,7.57,60.5,0,58.8,66.3,57.1,64.8,47.4,1,3,1.0,0,1
STU0330,Male,ME,3,7.56,84.4,8.34,65.6,1,82.6,84.6,33.3,82.4,65.1,0,1,2.0,0,1
STU0331,Male,IT,3,7.55,74.8,7.06,74.1,0,61.7,76.2,85.8,71.0,54.5,0,1,2.0,0,1
STU0332,Male,CE,3,7.66,61.5,7.86,,0,45.1,79.5,30.9,53.8,83.0,1,2,1.0,1,0
STU0333,Male,ECE,3,8.98,76.1,8.79,83.6,1,79.8,67.9,54.1,60.8,85.3,1,0,1.0,0,1
STU0334,Female,CE,1,7.7,64.8,7.66,64.9,1,55.7,37.0,37.2,44.0,77.7,1,1,3.0,1,0
STU0335,Female,CSE,1,6.93,89.6,7.99,72.3,3,70.5,58.5,69.4,63.4,68.2,0,2,0.0,0,0
STU0336,Female,ECE,1,8.26,72.8,7.66,71.7,1,50.5,81.1,51.4,81.7,59.1,0,0,0.0,0,1
STU0337,Male,CSE,1,8.51,62.6,8.61,74.9,4,47.0,61.1,47.6,75.3,42.7,1,1,1.0,1,0
STU0338,Male,IT,3,5.85,70.2,6.04,54.4,0,61.7,71.1,75.1,86.0,96.0,0,0,2.0,1,1
STU0339,Male,CSE,2,7.86,81.2,8.29,78.5,0,60.3,56.3,58.6,60.5,50.1,1,1,2.0,0,1
STU0340,Female,ME,4,7.97,66.5,8.01,76.0,0,69.6,43.5,68.3,85.2,74.3,1,2,3.0,0,1
STU0341,Female,ECE,4,6.87,62.7,7.0,63.9,0,54.6,59.8,38.4,62.1,81.0,1,2,1.0,1,1
STU0342,Male,IT,4,8.71,78.7,8.56,80.7,1,23.3,67.6,29.9,87.1,53.6,1,3,0.0,0,1
STU0343,Female,ECE,4,7.03,78.7,7.14,63.5,1,51.3,50.2,60.1,64.7,80.6,1,2,1.0,0,1
STU0344,Female,CE,2,7.34,67.4,,68.8,0,75.9,57.8,51.6,75.6,76.0,0,1,2.0,0,1
STU0345,Male,IT,3,7.01,67.9,7.26,50.4,4,54.1,45.1,70.5,87.1,92.4,1,3,0.0,1,0
STU0346,Female,ECE,1,7.22,78.5,7.07,63.5,2,55.1,82.1,56.4,62.1,55.0,0,2,0.0,1,1
STU0347,Male,ECE,4,5.99,53.3,6.14,55.2,0,79.7,56.7,62.1,68.3,41.1,1,2,0.0,1,1
STU0348,Female,CE,4,5.62,53.9,5.6,44.8,0,45.8,88.1,25.5,84.3,54.4,0,2,,1,1
STU0349,Female,IT,4,8.95,64.2,9.4,82.5,0,29.1,89.5,95.8,63.0,66.6,1,3,2.0,0,1
STU0350,Other,CE,2,6.27,71.8,6.25,55.4,0,56.8,60.5,54.7,45.2,64.0,0,2,2.0,1,1
STU0351,Male,CSE,4,6.11,79.7,5.4,63.8,0,50.3,43.8,72.0,97.1,56.3,0,1,3.0,1,0
STU0352,Male,IT,1,4.83,97.1,5.34,51.3,1,40.7,24.5,41.3,58.0,30.5,1,2,0.0,0,0
STU0353,Male,ECE,1,6.5,87.9,6.13,56.1,0,56.5,35.5,64.2,67.4,71.0,0,0,3.0,0,1
STU0354,Male,ME,4,5.74,72.6,,50.9,0,69.8,37.3,31.9,82.3,96.5,1,1,2.0,1,1
STU0355,Female,CE,2,9.01,74.7,8.77,80.7,5,59.8,86.8,67.0,55.9,70.9,1,1,1.0,1,1
STU0356,Female,CSE,4,8.31,60.0,8.86,72.5,1,66.1,64.1,50.9,49.9,73.4,0,0,3.0,1,1
STU0357,Male,CE,1,6.44,74.7,5.59,59.0,4,96.3,69.0,58.6,68.8,72.7,1,0,1.0,1,1
STU0358,Male,ME,4,9.68,70.7,10.0,83.3,0,53.1,22.0,72.0,38.1,69.7,0,0,2.0,0,1
STU0359,Male,IT,3,8.28,79.8,8.7,68.9,0,65.6,40.4,33.3,60.7,78.8,0,2,2.0,0,1
STU0360,Male,CSE,4,6.84,62.6,6.93,64.7,1,49.8,78.0,44.3,68.7,69.7,0,2,2.0,1,1
STU0361,Male,ECE,4,4.45,82.8,4.43,,0,43.1,67.2,67.1,61.0,57.7,1,3,1.0,1,1
STU0362,Male,CE,4,9.72,98.0,9.83,83.5,0,48.3,59.4,100.0,41.8,49.5,0,1,0.0,0,1
STU0363,Female,CSE,2,5.67,73.4,5.88,55.5,1,50.4,72.2,55.2,88.9,58.8,1,2,1.0,1,1
STU0364,Male,CSE,4,5.39,81.0,5.65,45.4,1,67.2,91.4,69.8,66.6,68.3,1,3,1.0,0,1
STU0365,Female,IT,1,8.32,85.4,8.55,76.2,0,100.0,58.0,55.9,86.5,57.6,1,0,2.0,0,1
STU0366,Female,CSE,1,9.88,69.0,9.92,90.0,0,45.7,63.2,96.8,61.1,68.3,0,2,2.0,0,1
STU0367,Male,IT,2,8.72,78.4,8.64,78.3,0,51.7,65.5,23.1,51.8,70.5,1,2,3.0,0,1
STU0368,Female,CSE,4,7.82,75.2,7.76,72.7,0,58.7,100.0,59.9,69.0,77.2,1,0,,0,1
STU0369,Female,ECE,3,7.85,76.5,7.78,68.1,0,67.9,24.2,25.5,61.8,84.8,1,3,2.0,0,0
STU0370,Female,CE,4,8.14,63.4,8.59,72.3,0,65.3,74.3,7.9,47.3,64.3,1,2,3.0,0,1
STU0371,Male,ME,3,8.03,75.4,8.27,71.3,0,85.7,59.9,63.9,87.0,40.8,1,0,2.0,0,1
STU0372,Male,ME,2,7.51,82.5,6.33,63.9,4,11.5,72.2,60.8,55.7,57.1,0,0,0.0,1,0
STU0373,Female,ME,4,7.31,96.8,7.58,64.9,1,12.3,50.2,52.3,37.4,63.7,1,0,0.0,0,0
STU0374,Female,CE,1,7.13,89.4,7.21,56.4,2,50.1,61.1,55.9,84.9,31.8,0,1,0.0,0,0
STU0375,Male,CSE,4,6.37,100.0,6.36,54.9,0,81.9,74.8,100.0,57.4,86.6,0,1,1.0,0,1
STU0376,Male,ECE,2,6.89,63.5,6.74,60.6,0,28.7,100.0,52.8,55.9,65.4,1,1,1.0,1,1
STU0377,Male,CSE,3,5.34,88.1,5.79,46.8,0,0.0,76.5,68.2,38.5,69.5,0,1,3.0,0,0
STU0378,Male,ME,2,7.09,77.8,7.47,62.6,0,71.4,46.7,45.0,91.1,86.2,0,3,1.0,0,1
STU0379,Female,CSE,1,6.11,100.0,5.8,54.7,0,64.9,54.4,63.9,45.7,52.3,1,1,1.0,0,1
STU0380,Male,ECE,2,5.99,62.9,6.15,56.3,2,38.2,53.8,53.2,65.9,72.8,0,0,1.0,1,0
STU0381,Male,ECE,1,7.4,62.4,7.01,71.0,1,40.3,29.7,49.8,78.7,61.1,1,1,2.0,1,1
STU0382,Female,CSE,2,8.73,66.0,8.18,75.3,1,40.6,56.1,94.4,71.3,59.9,1,1,3.0,1,1
STU0383,Male,CSE,1,8.21,43.1,7.96,67.9,0,62.2,75.2,81.5,64.1,49.9,1,1,2.0,1,1
STU0384,Female,ME,3,5.47,67.1,5.82,44.0,3,47.5,39.1,60.7,39.5,91.3,1,1,1.0,1,0
STU0385,Female,ECE,4,6.11,63.6,6.49,52.6,0,69.9,80.9,11.9,52.9,56.6,0,0,1.0,1,1
STU0386,Male,IT,3,8.23,77.3,8.44,72.4,0,2.9,70.8,50.8,67.8,74.9,0,2,2.0,0,1
STU0387,Female,ME,4,6.12,80.1,6.41,51.2,0,42.9,48.8,100.0,53.2,31.1,0,3,1.0,0,1
STU0388,Female,CSE,3,6.95,100.0,7.16,56.1,2,37.5,59.5,53.4,68.1,83.1,0,1,0.0,0,0
STU0389,Male,ME,3,7.81,89.3,7.55,68.0,5,54.9,90.8,80.1,75.2,80.9,1,1,0.0,0,1
STU0390,Male,CSE,3,6.13,66.3,,56.1,0,49.2,75.2,86.8,79.4,64.7,1,2,0.0,0,1
STU0391,Female,CE,2,7.32,61.5,7.64,68.8,3,76.0,62.2,62.4,46.6,59.1,0,2,2.0,1,0
STU0392,Female,IT,3,5.73,82.4,6.03,48.8,2,22.8,57.7,41.2,97.9,69.8,0,1,0.0,0,0
STU0393,Female,ME,1,6.54,55.2,7.01,56.8,0,60.9,63.4,9.3,76.5,100.0,0,3,0.0,1,0
STU0394,Male,ME,4,7.55,100.0,7.84,,0,71.2,52.8,71.7,65.0,33.0,0,2,1.0,0,1
STU0395,Female,CSE,4,5.45,92.7,5.59,48.9,0,97.1,24.1,41.7,81.3,,1,1,1.0,0,1
STU0396,Male,ECE,2,7.68,68.0,8.11,64.9,4,50.4,98.8,61.5,100.0,47.5,0,2,,1,0
STU0397,Female,IT,4,7.18,49.3,7.17,67.5,0,66.5,64.8,33.0,43.4,62.7,1,3,2.0,1,1
STU0398,Female,CSE,1,7.81,95.3,7.45,61.3,2,23.9,69.2,52.7,61.6,58.8,0,2,0.0,0,0
STU0399,Female,CSE,2,7.45,73.3,7.38,65.2,0,12.2,61.0,58.7,29.3,55.7,0,0,0.0,0,0
STU0400,Female,ECE,1,8.7,93.6,8.4,79.8,2,76.9,48.8,63.4,67.9,62.8,1,1,1.0,0,1
STU0401,Female,CE,4,7.34,51.1,7.07,67.0,0,59.9,58.7,35.7,70.5,43.7,1,1,1.0,1,1
STU0402,Female,ECE,4,6.73,66.0,6.67,,1,83.6,33.2,81.9,64.4,80.5,1,1,1.0,1,0
STU0403,Male,IT,4,7.33,75.1,7.02,67.8,2,32.5,100.0,46.1,55.2,32.5,1,2,0.0,1,0
STU0404,Female,CSE,1,7.8,75.7,7.67,65.2,2,70.4,39.8,24.5,34.3,72.2,0,2,2.0,1,1
STU0405,Female,ECE,3,7.25,68.2,6.5,64.8,3,97.4,43.4,55.8,70.6,57.4,0,2,2.0,1,1
STU0406,Male,CE,3,7.24,84.3,7.33,56.3,0,68.4,54.1,58.7,86.8,43.1,1,3,0.0,0,1
STU0407,Male,CSE,1,6.43,59.0,6.43,57.4,1,65.5,85.2,61.2,56.1,66.4,1,1,0.0,1,1
STU0408,Male,ME,3,6.47,72.9,6.14,54.1,0,60.2,62.3,85.2,71.6,,1,3,,0,1
STU0409,Female,CSE,1,5.66,76.8,5.92,55.5,0,28.6,39.7,53.3,41.5,63.7,0,2,2.0,1,1
STU0410,Female,CSE,1,9.12,82.7,9.5,79.4,1,87.1,84.6,55.6,71.9,38.8,1,1,1.0,0,1
STU0411,Male,CSE,3,5.83,85.7,5.19,51.9,0,47.8,75.2,35.9,59.1,70.8,0,2,2.0,0,0
STU0412,Female,IT,3,6.44,58.1,6.13,54.8,1,70.1,71.7,74.4,53.6,47.3,1,0,2.0,1,1
STU0413,Male,ME,1,6.41,52.0,6.1,66.4,5,28.7,74.9,61.7,53.6,55.3,1,2,2.0,1,0
STU0414,Female,CE,1,8.18,94.2,7.81,72.1,0,36.4,100.0,49.6,59.1,68.0,0,1,1.0,0,1
STU0415,Male,ECE,2,6.88,80.0,7.21,71.0,1,88.7,100.0,19.9,70.7,,1,1,1.0,1,1
STU0416,Male,ME,2,8.57,63.8,8.49,81.2,0,53.1,49.6,86.9,45.3,62.0,0,2,0.0,0,1
STU0417,Male,ECE,2,6.46,98.3,6.35,60.5,0,89.1,91.2,33.4,59.0,,1,2,3.0,0,1
STU0418,Male,IT,2,7.51,76.7,6.71,,0,58.4,68.9,46.2,64.4,73.7,0,1,1.0,0,1
STU0419,Female,CE,3,6.28,92.7,6.54,58.5,4,23.2,71.0,65.2,48.5,93.0,1,0,0.0,1,0
STU0420,Female,CE,2,9.56,76.0,9.06,76.4,3,77.8,31.5,34.1,91.9,100.0,0,1,3.0,0,0
STU0421,Male,CSE,4,5.89,100.0,5.92,51.6,3,48.2,58.9,28.1,52.2,64.5,1,2,3.0,0,0
STU0422,Male,ME,3,7.54,100.0,7.65,72.1,5,74.0,47.4,15.5,55.0,76.4,1,3,3.0,0,1
STU0423,Male,ECE,1,7.9,71.3,8.44,70.8,0,60.5,76.9,72.4,50.3,32.7,1,3,2.0,0,1
STU0424,Female,IT,1,7.66,89.6,7.13,61.9,0,29.1,81.3,47.1,92.0,88.5,0,1,3.0,0,1
STU0425,Female,CSE,4,7.0,84.7,5.79,62.7,1,63.3,24.7,100.0,73.3,76.2,1,2,0.0,0,1
STU0426,Male,CSE,1,7.06,95.5,7.13,72.0,0,100.0,61.6,38.1,51.0,54.8,0,1,2.0,0,1
STU0427,Female,ECE,1,7.25,60.5,7.97,71.5,0,69.9,82.2,39.6,81.6,84.0,1,2,2.0,1,1
STU0428,Male,CSE,1,7.04,85.3,7.53,63.0,0,58.8,58.6,46.7,68.0,58.7,0,1,0.0,0,1
STU0429,Female,CSE,3,8.26,90.9,8.34,79.1,1,81.5,75.1,62.9,68.9,55.2,1,1,0.0,0,1
STU0430,Female,IT,3,9.63,48.6,9.43,84.9,1,64.2,68.3,48.6,59.8,71.1,0,2,3.0,1,1
STU0431,Female,ME,4,6.59,57.3,6.91,50.8,0,64.2,68.1,70.2,53.8,44.9,0,0,1.0,1,1
STU0432,Female,IT,4,5.69,44.4,5.3,46.6,0,38.2,57.1,38.4,70.1,80.4,0,2,2.0,1,0
STU0433,Female,CE,2,7.1,71.0,7.29,71.7,1,64.7,40.1,30.4,56.8,45.0,0,2,0.0,1,0
STU0434,Female,CSE,2,10.0,85.8,10.0,88.6,1,80.7,41.8,22.0,92.3,45.1,0,1,0.0,0,1
STU0435,Female,ME,2,6.32,97.5,6.74,55.6,0,43.3,74.8,13.5,46.0,,1,1,1.0,0,1
STU0436,Male,CSE,1,9.0,76.1,10.0,79.5,2,88.5,62.4,47.6,88.0,75.9,1,3,0.0,0,1
STU0437,Male,IT,1,9.05,99.4,9.2,90.0,0,58.2,59.5,52.0,63.3,,1,2,2.0,0,1
STU0438,Male,ECE,1,6.59,54.3,6.39,67.4,0,42.2,54.4,45.4,69.5,40.1,1,1,1.0,1,1
STU0439,Female,ECE,1,7.83,49.4,7.82,81.5,2,80.0,56.5,82.9,77.5,52.7,0,1,0.0,1,1
STU0440,Male,ECE,2,8.99,74.2,8.28,80.1,1,54.3,80.8,82.6,55.5,62.5,1,2,0.0,0,1
STU0441,Male,ECE,2,6.78,80.8,6.51,62.5,0,75.2,56.0,51.3,78.0,42.9,0,2,1.0,0,1
STU0442,Male,CSE,4,6.98,74.5,6.81,55.2,1,54.2,37.9,22.1,24.4,43.4,1,0,,1,0
STU0443,Male,ECE,3,6.56,44.0,6.35,66.4,1,58.8,75.4,46.7,54.2,98.9,0,1,2.0,1,1
STU0444,Female,CE,4,6.08,73.7,6.14,48.9,2,69.9,58.3,46.0,51.1,48.4,0,3,1.0,1,0
STU0445,Female,CE,2,6.49,55.4,6.16,59.5,2,65.8,62.6,44.9,46.2,57.5,0,2,0.0,1,1
STU0446,Female,ECE,3,5.85,85.0,6.3,47.2,1,20.1,90.9,44.0,61.8,56.8,1,3,1.0,0,0
STU0447,Female,ECE,2,7.24,80.5,7.24,62.2,0,37.6,61.6,44.9,70.8,55.8,0,2,0.0,0,0
STU0448,Female,IT,1,6.35,60.9,6.35,53.0,0,78.6,67.2,50.3,75.5,73.6,1,3,0.0,1,1
STU0449,Male,CSE,1,7.46,67.3,7.33,64.1,0,57.4,40.8,45.3,68.6,79.1,0,1,0.0,1,1
STU0450,Male,IT,4,5.49,59.1,5.55,46.7,0,49.5,58.0,62.2,55.0,57.8,1,2,2.0,1,0
STU0451,Female,CSE,4,7.56,74.1,7.89,65.3,1,32.8,73.0,65.2,70.5,,1,0,3.0,0,1
STU0452,Male,ME,1,8.12,89.3,7.77,,1,38.4,34.0,39.8,66.9,84.7,0,2,2.0,0,0
STU0453,Male,ME,1,5.01,60.2,4.74,39.5,0,19.6,65.6,83.4,79.0,61.4,1,1,1.0,1,1
STU0454,Female,ME,2,7.61,82.6,7.49,69.6,0,58.0,63.8,38.4,76.7,92.4,1,1,1.0,0,1
STU0455,Male,IT,1,8.55,67.0,8.01,83.0,0,48.0,62.7,25.6,65.5,24.8,1,3,1.0,0,1
STU0456,Male,CSE,2,5.87,63.1,5.54,50.3,0,40.7,80.7,65.6,51.5,66.3,1,3,2.0,1,1
STU0457,Male,ECE,1,9.04,73.4,8.85,77.8,2,58.6,68.0,41.7,55.2,95.6,1,0,3.0,0,1
STU0458,Male,ME,3,7.66,59.5,8.01,67.8,0,67.3,88.6,64.4,56.8,57.0,1,2,0.0,1,1
STU0459,Male,CE,2,6.42,66.7,6.53,63.7,1,100.0,44.1,9.9,60.3,59.2,0,1,0.0,1,1
STU0460,Male,CSE,2,7.14,57.0,7.22,65.2,4,29.8,64.4,85.8,69.0,68.0,1,1,2.0,1,1
STU0461,Female,CE,1,7.81,100.0,8.15,,0,83.2,63.5,71.4,75.7,53.5,0,2,2.0,0,1
STU0462,Female,ECE,2,7.28,75.5,7.23,68.0,0,79.5,42.8,28.0,64.2,57.7,0,1,2.0,0,0
STU0463,Male,CSE,4,7.79,64.5,,64.6,0,44.4,79.2,28.4,65.2,57.3,1,3,2.0,1,1
STU0464,Female,CE,2,6.19,78.2,6.15,59.1,1,64.1,100.0,91.4,67.1,52.3,0,0,3.0,0,1
STU0465,Male,CSE,4,7.39,73.3,,68.5,1,50.8,61.7,43.3,57.3,83.9,0,2,1.0,1,1
STU0466,Male,ME,4,5.64,71.7,5.41,49.3,0,63.7,71.1,41.3,51.1,70.8,1,2,3.0,1,1
STU0467,Male,CSE,4,7.08,84.2,6.1,59.5,1,90.2,63.5,12.7,38.7,67.3,1,1,3.0,0,1
STU0468,Female,ECE,4,6.21,86.4,6.15,51.4,3,72.1,49.2,51.0,54.6,76.7,1,1,2.0,0,0
STU0469,Male,ME,3,6.39,67.0,6.96,60.2,0,70.2,29.2,53.4,72.1,58.5,1,2,1.0,1,1
STU0470,Female,ME,4,8.56,66.4,8.93,83.2,0,51.4,49.3,72.3,54.5,49.8,1,2,0.0,0,1
STU0471,Female,ECE,1,8.4,70.9,8.79,72.4,3,30.3,36.9,30.0,61.4,52.8,0,1,1.0,0,0
STU0472,Female,ECE,3,7.87,40.5,8.36,73.1,1,55.8,92.7,27.6,72.0,63.0,0,1,1.0,1,1
STU0473,Female,CSE,4,6.0,52.3,6.03,43.6,3,84.1,59.9,67.0,72.8,45.0,1,0,2.0,1,1
STU0474,Female,ECE,4,6.85,95.5,6.93,58.7,1,29.5,55.8,78.1,48.8,54.5,0,1,0.0,0,0
STU0475,Male,IT,4,8.53,99.7,8.29,76.7,2,38.9,78.0,26.6,80.0,54.2,1,1,1.0,0,1
STU0476,Male,IT,4,7.36,71.3,7.23,61.7,0,62.5,41.8,79.6,81.9,99.1,1,0,2.0,0,1
STU0477,Female,CSE,4,9.75,83.6,10.0,83.1,2,40.3,48.2,58.8,48.1,15.8,0,2,0.0,0,1
STU0478,Female,CSE,3,7.63,79.7,8.11,65.4,3,44.1,63.2,79.8,52.6,59.9,1,2,1.0,0,0
STU0479,Male,IT,4,7.41,100.0,,68.2,1,51.5,80.5,56.6,82.9,92.3,1,3,1.0,0,1
STU0480,Male,ME,3,6.86,91.8,6.68,,0,32.7,71.0,7.6,62.8,65.1,1,2,1.0,0,1
STU0481,Male,ME,4,7.35,73.1,7.35,54.9,0,40.5,66.5,55.0,31.7,75.8,1,3,0.0,0,1
STU0482,Male,CE,4,7.03,60.7,7.27,52.7,0,74.1,63.4,79.2,44.0,64.7,1,2,2.0,1,1
STU0483,Male,ECE,4,7.98,50.9,7.4,,0,33.9,69.2,40.1,61.3,51.7,0,2,1.0,1,1
STU0484,Female,ECE,3,8.25,78.1,7.33,76.6,0,28.0,65.6,50.2,47.6,24.9,1,3,3.0,0,1
STU0485,Female,IT,2,6.34,63.7,6.12,43.3,1,47.4,43.5,54.5,58.8,66.5,1,2,1.0,1,1
STU0486,Male,ME,1,5.74,53.7,5.25,49.1,1,74.6,62.8,0.0,65.5,49.8,1,0,1.0,1,0
STU0487,Female,CSE,4,5.18,65.3,4.98,44.0,0,56.1,42.7,91.4,86.9,49.4,1,2,0.0,1,1
STU0488,Female,CSE,3,7.76,58.8,7.7,76.8,1,50.7,63.5,40.0,60.6,54.5,1,3,0.0,0,1
STU0489,Male,CSE,2,5.99,100.0,5.8,52.0,0,60.9,53.3,68.1,81.1,92.7,0,2,1.0,0,0
STU0490,Male,CE,1,4.83,88.2,5.41,45.4,0,25.1,100.0,56.3,86.4,100.0,1,2,0.0,1,0
STU0491,Female,CSE,4,7.63,74.9,7.76,69.4,0,69.9,61.3,83.2,86.5,66.7,1,2,1.0,0,1
STU0492,Female,CSE,4,9.94,97.2,10.0,78.8,1,67.7,36.7,66.1,69.3,55.1,0,3,1.0,0,1
STU0493,Male,IT,4,7.19,76.2,7.44,68.6,0,51.8,59.6,53.3,35.6,43.0,0,0,1.0,1,1
STU0494,Other,CSE,3,8.12,62.1,7.67,74.2,0,80.1,71.3,40.1,71.9,71.0,1,2,0.0,1,1
STU0495,Male,CSE,2,7.29,97.8,7.71,68.2,0,37.5,92.1,74.0,80.7,93.3,1,1,2.0,0,1
STU0496,Male,CSE,2,7.09,83.1,7.06,83.5,2,82.6,51.4,20.5,63.8,58.8,1,2,3.0,0,0
STU0497,Male,CSE,1,8.21,59.4,8.48,63.5,0,63.1,33.5,70.9,91.2,22.6,1,2,0.0,0,1
STU0498,Male,ECE,4,6.88,72.1,6.45,70.5,1,53.3,76.7,36.0,77.9,74.4,1,0,0.0,1,1
STU0499,Female,IT,1,7.49,61.9,6.87,66.0,1,59.6,37.1,83.0,73.5,79.8,1,1,3.0,1,1
STU0500,Female,IT,3,7.55,54.3,7.88,69.4,2,57.9,54.1,61.2,81.3,36.0,1,2,0.0,1,1
STU0501,Male,ECE,3,6.47,88.9,6.62,58.0,4,84.4,57.4,70.9,70.0,66.0,0,0,3.0,1,1
STU0502,Female,ECE,3,8.29,100.0,7.93,72.5,0,38.5,60.7,59.6,27.6,70.7,1,1,0.0,0,1
STU0503,Female,ME,4,7.01,54.0,6.66,60.2,0,44.7,74.4,23.0,57.5,61.8,1,2,,1,1
STU0504,Male,CSE,1,6.37,83.4,6.82,59.0,3,80.7,49.7,40.8,83.0,49.6,1,1,1.0,0,1
STU0505,Female,CSE,4,7.79,65.2,7.31,62.5,0,48.1,57.1,71.4,52.9,80.3,1,1,3.0,1,1
STU0506,Male,IT,1,6.21,67.7,6.87,59.7,1,78.0,61.7,61.3,61.6,56.1,1,3,1.0,1,1
STU0507,Female,CSE,1,7.23,66.1,6.87,63.0,1,94.0,64.7,81.6,49.3,37.8,0,1,2.0,1,1
STU0508,Male,CSE,2,7.19,62.0,7.45,59.1,1,52.0,63.8,66.1,91.8,28.2,0,1,0.0,1,0
STU0509,Female,ECE,1,8.39,75.7,8.26,73.3,4,73.6,69.8,38.7,90.2,84.4,0,2,0.0,1,1
STU0510,Male,ECE,4,7.72,62.5,7.96,75.8,5,36.9,77.2,42.1,51.7,73.5,0,2,2.0,1,1
STU0511,Female,CSE,3,7.17,79.1,,61.9,2,75.1,69.1,60.1,67.2,64.5,1,3,1.0,1,1
STU0512,Female,CSE,1,8.1,74.2,8.03,74.7,0,64.0,70.2,11.7,54.8,55.5,0,3,3.0,0,1
STU0513,Male,ECE,1,8.73,71.4,8.75,74.9,3,69.5,33.5,91.5,74.2,54.0,0,2,1.0,1,1
STU0514,Male,ME,3,7.81,61.4,7.41,74.1,0,47.1,62.9,66.8,72.6,44.7,1,1,2.0,1,1
STU0515,Male,CSE,4,7.21,66.3,7.51,68.3,0,26.8,70.6,82.5,77.2,55.7,1,0,1.0,0,1
STU0516,Female,ECE,2,5.76,86.3,5.55,61.1,3,70.1,75.1,26.4,70.0,27.0,0,1,3.0,0,0
STU0517,Male,ME,3,6.03,82.5,5.94,53.4,0,18.7,49.5,82.9,100.0,50.5,1,0,3.0,0,1
STU0518,Female,IT,4,6.86,60.3,6.47,65.1,0,53.7,50.1,100.0,49.6,57.7,1,2,1.0,1,1
STU0519,Male,ECE,3,6.53,76.5,5.5,59.3,0,78.8,51.7,31.6,39.3,73.4,0,2,2.0,0,0
STU0520,Male,CSE,2,6.99,86.3,6.92,69.4,3,63.8,71.7,73.4,59.1,62.3,0,0,2.0,0,0
STU0521,Male,ECE,3,7.26,50.0,8.23,61.8,1,99.0,80.6,58.0,41.5,76.5,1,2,0.0,1,1
STU0522,Male,CE,3,7.78,83.2,8.1,73.8,1,80.5,54.7,27.1,42.6,85.9,1,1,1.0,1,1
STU0523,Female,CSE,4,7.12,65.1,7.11,63.1,0,46.9,78.3,67.9,50.0,81.0,1,1,0.0,1,1
STU0524,Female,ECE,3,7.74,83.6,7.63,69.3,2,60.5,64.2,74.7,51.2,71.0,0,2,2.0,0,1
STU0525,Male,CSE,4,7.27,63.6,7.28,65.9,2,59.1,59.8,46.0,50.7,63.2,0,1,0.0,1,0
STU0526,Female,CSE,1,5.03,47.9,5.25,46.5,0,28.4,58.2,81.3,72.8,46.3,1,1,0.0,1,0
STU0527,Male,ECE,4,6.17,50.6,5.69,54.9,0,41.2,75.4,24.7,57.4,,0,0,1.0,1,1
STU0528,Female,CSE,3,7.04,75.7,7.49,64.4,0,48.8,67.9,28.1,62.3,91.6,0,1,1.0,0,1
STU0529,Male,CE,3,5.87,78.9,6.16,60.7,4,19.3,100.0,60.7,78.4,68.8,1,2,2.0,1,0
STU0530,Female,ME,1,7.86,61.4,8.15,75.7,1,60.9,46.7,58.5,53.5,95.6,0,3,3.0,1,1
STU0531,Female,ECE,2,8.88,84.6,9.06,84.3,4,55.0,71.3,43.7,61.0,37.1,1,1,1.0,0,1
STU0532,Male,ECE,4,8.54,50.1,8.55,74.6,0,26.5,52.5,74.2,70.5,43.4,1,1,0.0,1,1
STU0533,Female,ECE,3,6.97,74.0,7.23,58.2,2,68.1,46.4,68.6,35.9,77.5,0,2,2.0,0,0
STU0534,Male,CSE,1,8.84,56.8,9.08,84.3,2,74.3,61.8,75.2,29.2,67.5,1,3,1.0,1,1
STU0535,Male,IT,3,7.36,65.2,7.22,70.7,1,64.5,64.5,55.5,70.2,85.3,0,1,1.0,1,0
STU0536,Male,IT,1,6.83,75.7,6.6,68.8,4,53.5,100.0,70.1,72.4,62.7,1,1,1.0,1,1
STU0537,Male,CSE,4,6.53,62.1,,55.7,0,71.8,58.7,49.1,96.0,48.2,0,2,1.0,1,1
STU0538,Male,CSE,4,6.87,69.2,7.49,60.7,0,73.6,41.7,99.1,67.4,59.4,0,2,1.0,0,0
STU0539,Male,CSE,1,6.77,90.1,6.28,,1,66.1,66.9,41.7,77.3,36.9,1,0,2.0,0,1
STU0540,Male,ME,4,7.39,66.3,6.8,64.5,2,43.5,24.7,100.0,62.1,43.8,1,2,1.0,1,1
STU0541,Male,ME,4,7.38,87.5,7.44,71.4,1,65.5,60.3,58.7,69.5,79.5,1,0,2.0,0,1
STU0542,Female,CE,2,7.2,58.1,7.22,62.5,0,83.9,62.3,30.5,90.0,77.8,0,1,1.0,1,1
STU0543,Female,CE,3,7.68,82.9,7.75,72.3,1,48.1,76.3,85.4,33.1,69.2,0,1,0.0,0,0
STU0544,Male,ECE,2,8.51,96.6,8.61,75.6,0,100.0,79.5,60.5,71.2,33.7,1,3,2.0,0,1
STU0545,Male,ME,3,8.24,37.9,8.16,75.8,0,49.5,52.9,75.0,97.0,56.9,1,1,1.0,1,1
STU0546,Male,ME,2,5.57,63.0,6.16,44.4,1,60.6,59.3,82.5,69.2,42.2,0,1,0.0,1,0
STU0547,Female,ME,2,4.39,83.7,,39.9,2,46.6,48.2,64.8,89.8,83.0,1,1,1.0,1,1
STU0548,Female,ECE,2,8.23,72.0,7.9,59.1,0,64.5,41.7,46.2,55.6,53.1,1,3,1.0,0,1
STU0549,Male,ME,1,5.7,80.6,5.66,50.3,0,25.2,67.6,77.5,64.5,44.5,1,0,2.0,0,1
STU0550,Male,ME,4,6.95,65.9,6.3,54.4,0,49.1,39.1,58.0,65.5,63.5,1,1,1.0,1,0
STU0551,Male,ME,2,5.91,76.3,5.84,59.2,0,38.2,54.5,71.7,31.7,52.1,0,0,2.0,1,1
STU0552,Male,ME,2,5.22,72.7,5.88,50.8,2,62.7,44.1,14.9,47.5,88.2,1,2,0.0,1,0
STU0553,Female,CE,4,7.8,92.5,7.8,72.5,3,79.9,71.9,66.9,48.5,50.5,0,1,,0,0
STU0554,Female,ME,3,8.04,78.8,8.13,79.9,0,72.9,94.4,45.2,77.3,39.2,1,1,3.0,0,1
STU0555,Male,ME,3,6.57,80.1,6.06,54.3,2,12.6,38.6,91.1,78.1,26.4,1,1,2.0,0,0
STU0556,Female,ME,4,4.35,68.8,4.1,47.9,3,100.0,28.6,70.5,69.9,62.5,1,3,0.0,1,1
STU0557,Male,ECE,4,6.6,67.7,6.45,64.1,2,65.9,59.8,62.8,77.4,53.4,1,2,1.0,1,1
STU0558,Male,CSE,1,7.63,68.5,7.5,67.5,0,44.5,62.3,67.7,62.5,38.7,1,2,1.0,1,1
STU0559,Female,CSE,3,5.57,80.9,6.09,55.8,4,63.1,65.9,38.0,83.0,83.2,1,3,2.0,1,0
STU0560,Female,ME,4,7.4,68.7,7.62,61.1,0,63.5,54.0,90.5,65.1,74.3,1,3,2.0,1,1
STU0561,Male,ME,2,7.18,79.3,6.74,60.5,0,46.7,58.4,97.8,65.9,,1,1,2.0,0,1
STU0562,Male,IT,2,7.84,100.0,7.94,67.5,0,64.0,68.6,65.9,61.0,86.2,1,3,1.0,0,1
STU0563,Female,ECE,1,7.33,88.1,7.53,63.3,0,47.9,80.7,89.8,75.3,74.3,0,0,2.0,0,1
STU0564,Female,ECE,1,6.13,70.1,6.59,49.9,0,51.9,26.8,46.6,58.7,49.0,0,1,1.0,0,0
STU0565,Male,CSE,4,8.52,93.0,9.15,82.8,0,46.3,55.4,42.1,79.6,45.3,0,3,0.0,0,1
STU0566,Male,CSE,4,7.03,68.9,6.62,61.9,0,31.3,65.8,58.8,48.0,76.9,1,1,1.0,0,0
STU0567,Male,CE,4,7.17,44.4,6.85,66.3,2,62.9,45.5,66.7,48.5,69.7,1,1,3.0,1,1
STU0568,Female,CSE,4,6.17,59.9,5.67,52.7,3,71.7,93.2,50.1,75.3,65.9,1,1,2.0,1,1
STU0569,Female,ME,2,6.71,46.9,6.62,51.3,0,70.3,50.6,68.8,63.7,48.6,1,2,,1,1
STU0570,Male,ME,1,6.23,69.7,6.41,57.4,3,76.4,61.3,64.1,58.2,73.3,1,1,1.0,1,0
STU0571,Female,ECE,4,7.01,75.3,7.4,53.5,3,66.5,72.0,38.0,78.4,,0,2,3.0,1,1
STU0572,Female,IT,2,9.08,100.0,9.05,81.4,2,49.3,51.4,68.4,55.9,61.3,0,3,1.0,0,1
STU0573,Male,ECE,2,5.69,79.9,5.56,44.4,0,76.8,28.8,75.3,62.0,87.6,0,2,1.0,0,1
STU0574,Male,CSE,4,5.43,71.7,5.49,58.8,1,32.8,54.3,61.4,86.0,51.8,0,1,3.0,1,0
STU0575,Female,IT,3,8.82,87.4,8.48,83.9,4,42.0,80.5,81.1,88.1,36.3,1,3,2.0,0,1
STU0576,Female,IT,2,6.97,41.8,7.81,63.3,1,40.7,55.9,33.7,88.6,45.1,1,1,1.0,1,1
STU0577,Female,CSE,4,6.46,78.5,5.82,64.5,0,81.6,46.8,67.4,60.8,79.9,1,0,1.0,0,1
STU0578,Female,CSE,4,8.34,86.6,8.42,70.9,1,78.9,78.7,34.6,83.5,67.3,1,0,1.0,0,1
STU0579,Male,CSE,1,6.53,52.8,7.34,61.5,1,69.7,56.0,35.7,50.8,60.8,1,2,0.0,1,0
STU0580,Male,CSE,4,9.21,92.2,9.21,83.9,1,81.4,52.8,45.4,51.4,54.3,0,0,3.0,0,1
STU0581,Female,IT,2,7.95,80.1,7.87,72.8,0,42.4,64.7,39.2,29.7,71.3,1,0,1.0,0,1
STU0582,Male,ME,3,6.66,68.8,6.52,66.3,0,67.0,75.9,47.0,90.1,48.6,0,1,2.0,1,1
STU0583,Female,ECE,4,9.57,84.5,9.5,89.8,2,57.5,100.0,53.7,52.0,68.2,0,1,,0,1
STU0584,Female,IT,4,6.53,100.0,7.08,60.2,3,76.9,76.9,74.7,63.1,50.6,0,2,1.0,0,1
STU0585,Female,ECE,2,8.02,77.7,7.13,63.9,0,57.7,82.9,51.6,51.3,47.7,1,2,0.0,1,1
STU0586,Male,ECE,2,7.53,78.7,8.14,63.0,4,52.3,52.9,26.3,75.4,52.2,0,2,2.0,1,1
STU0587,Female,IT,1,8.63,68.1,8.06,,0,70.8,43.5,80.8,59.4,56.6,0,1,1.0,0,1
STU0588,Female,CE,3,8.92,62.3,8.81,80.7,1,77.5,63.1,41.3,45.4,62.2,1,1,1.0,0,1
STU0589,Female,CE,1,7.24,87.5,7.06,59.5,2,46.6,63.9,56.8,71.6,67.0,1,3,0.0,0,1
STU0590,Male,ME,2,6.37,62.2,6.61,,2,58.8,42.6,66.9,43.5,0.3,0,0,0.0,1,0
STU0591,Male,CE,1,7.71,76.1,7.07,76.9,4,38.8,58.8,62.0,52.4,49.3,0,3,0.0,0,1
STU0592,Male,CSE,2,6.45,67.8,6.64,61.1,0,10.0,69.2,79.9,33.4,56.3,1,0,1.0,0,0
STU0593,Male,ME,1,9.41,82.2,10.0,85.1,3,64.0,68.5,67.6,43.6,88.6,0,3,1.0,0,1
STU0594,Male,IT,4,7.35,80.0,6.8,,0,72.2,71.1,40.8,67.7,44.6,1,1,1.0,0,1
STU0595,Female,CSE,2,6.8,90.6,6.87,56.4,1,65.2,67.2,100.0,35.5,,1,1,1.0,0,1
STU0596,Female,CE,2,7.4,67.3,7.14,67.0,2,21.0,52.9,61.9,42.8,88.4,0,2,1.0,1,0
STU0597,Female,ECE,4,5.72,71.0,5.89,52.8,1,53.0,52.7,55.1,65.0,40.7,0,2,1.0,1,0
STU0598,Female,CSE,4,6.13,60.3,6.14,49.0,0,15.6,40.4,77.3,56.8,69.7,0,1,0.0,1,0
STU0599,Male,CE,2,8.52,68.3,,78.4,3,87.4,94.1,63.0,94.9,49.4,0,2,0.0,1,1
STU0600,Other,CSE,1,6.48,80.7,6.67,57.5,0,38.3,62.2,66.0,92.5,54.4,0,2,2.0,1,0
STU0601,Male,ME,3,6.05,86.4,6.77,44.9,0,85.1,58.0,100.0,52.0,49.3,1,0,1.0,0,1
STU0602,Male,CSE,2,7.79,61.2,7.71,65.8,1,78.9,45.3,52.5,73.4,50.6,0,0,0.0,1,0
STU0603,Male,IT,4,8.5,88.0,8.79,,0,42.0,100.0,51.6,76.2,100.0,1,1,0.0,0,1
STU0604,Female,CSE,2,7.99,95.3,7.47,81.4,2,37.3,42.7,60.3,56.0,77.4,1,0,,0,1
STU0605,Female,CSE,2,8.3,81.2,7.91,77.4,0,67.0,54.3,79.4,42.6,81.7,0,2,2.0,0,1
STU0606,Male,CSE,3,6.37,100.0,6.56,50.6,0,43.1,69.5,27.9,64.8,71.4,0,1,2.0,0,0
STU0607,Female,IT,4,5.64,63.4,6.23,53.2,2,62.0,72.8,18.7,62.4,35.7,0,1,,1,1
STU0608,Male,CE,4,8.85,56.3,8.99,71.9,1,50.3,79.2,46.3,58.5,69.7,0,0,1.0,1,0
STU0609,Male,CE,1,6.85,48.3,6.72,67.0,0,24.4,94.5,25.3,71.6,81.2,1,1,3.0,1,1
STU0610,Female,ECE,3,6.92,97.4,6.92,60.0,2,15.4,71.1,49.5,53.7,48.5,0,0,2.0,0,0
STU0611,Female,ECE,1,8.66,84.8,8.16,77.5,1,64.5,43.0,68.0,47.7,79.4,1,0,1.0,0,1
STU0612,Female,CSE,3,7.81,74.2,,76.9,1,48.8,57.4,40.2,66.6,75.0,0,0,2.0,0,0
STU0613,Female,ME,4,7.7,79.2,8.05,62.9,0,48.9,67.5,29.5,70.8,94.5,1,3,2.0,0,1
STU0614,Female,CSE,2,9.58,58.1,,79.2,2,73.9,99.2,59.4,47.4,,1,0,1.0,1,1
STU0615,Female,IT,4,6.49,100.0,6.3,55.5,2,83.5,36.8,75.3,78.9,44.3,1,2,1.0,0,1
STU0616,Female,CE,3,8.22,76.9,8.33,79.2,1,54.5,83.6,24.1,38.4,56.9,0,0,0.0,1,1
STU0617,Female,ECE,4,7.26,76.6,7.09,57.8,0,53.2,65.2,74.4,56.3,87.4,0,0,0.0,0,0
STU0618,Female,CSE,4,7.5,85.9,7.47,53.3,2,70.0,77.1,74.3,61.1,31.9,1,1,2.0,0,1
STU0619,Other,CE,1,8.88,82.2,9.72,77.7,1,32.9,60.2,77.1,55.5,,0,1,1.0,0,1
STU0620,Male,CSE,2,7.76,78.4,7.66,72.6,1,64.5,46.8,82.4,56.5,64.5,0,3,2.0,0,1
STU0621,Female,CSE,2,7.79,63.1,7.65,76.1,0,71.0,75.5,100.0,93.1,55.5,1,3,3.0,1,1
STU0622,Male,CSE,1,8.38,82.1,8.12,73.1,3,73.6,73.8,50.9,52.2,63.1,1,2,0.0,0,1
STU0623,Male,ME,3,6.8,100.0,7.1,59.1,2,21.3,79.5,60.2,100.0,79.1,1,2,1.0,0,1
STU0624,Female,CE,3,6.28,95.2,6.2,62.3,0,44.8,61.8,49.7,71.6,53.6,1,1,2.0,0,1
STU0625,Male,ECE,4,6.05,98.9,5.79,45.1,0,42.4,51.2,58.0,66.4,31.2,1,1,2.0,0,1
STU0626,Female,CSE,2,5.04,67.3,5.57,43.4,3,62.0,33.9,88.7,72.1,97.8,1,3,2.0,1,0
STU0627,Female,ECE,4,9.46,60.2,,86.1,0,69.6,76.7,31.1,100.0,46.0,1,2,1.0,0,1
STU0628,Male,CE,4,5.99,73.1,5.75,56.1,4,89.9,69.6,40.8,50.1,45.0,1,2,1.0,1,1
STU0629,Male,CSE,4,6.96,75.8,6.21,60.1,1,50.1,44.6,85.5,48.2,,1,1,1.0,1,1
STU0630,Female,CSE,2,6.9,91.4,,62.2,1,50.0,52.3,78.4,53.7,56.5,0,0,3.0,0,0
STU0631,Male,IT,3,7.54,49.6,7.26,55.4,0,83.0,53.6,50.7,65.5,61.9,0,3,1.0,1,1
STU0632,Male,IT,2,8.1,97.9,8.41,69.6,0,65.9,35.3,75.1,39.1,71.2,1,1,3.0,0,1
STU0633,Male,IT,2,8.15,72.6,7.36,75.6,4,85.4,47.3,64.8,65.3,81.4,1,1,1.0,1,1
STU0634,Female,CE,2,6.56,68.6,6.92,54.1,0,65.8,41.6,88.0,90.4,57.3,0,0,3.0,1,1
STU0635,Female,CSE,4,7.02,59.8,6.53,63.4,2,36.9,54.6,59.5,67.3,88.8,1,2,2.0,1,1
STU0636,Female,CSE,3,7.51,50.2,7.8,69.8,0,33.3,48.7,78.5,60.6,26.7,0,0,1.0,1,1
STU0637,Male,ECE,3,6.93,87.3,6.93,60.6,0,29.0,32.7,100.0,55.7,75.9,1,2,1.0,0,1
STU0638,Female,ECE,4,8.97,76.1,8.59,81.6,0,73.2,98.4,70.0,78.5,48.7,1,0,1.0,0,1
STU0639,Female,IT,1,7.74,55.7,7.58,64.8,1,83.8,84.5,59.0,52.6,86.3,1,3,1.0,1,1
STU0640,Male,CE,3,8.01,55.6,8.28,71.0,4,97.0,48.0,72.4,92.7,65.4,0,2,0.0,1,1
STU0641,Female,CE,4,7.93,70.0,7.97,74.4,0,76.9,66.9,50.7,94.0,51.6,1,0,0.0,0,1
STU0642,Female,CSE,1,8.49,100.0,8.72,77.2,0,83.3,69.5,100.0,68.9,74.3,0,2,1.0,0,1
STU0643,Female,IT,3,7.4,71.1,8.19,63.7,0,48.4,83.4,61.6,64.8,78.2,0,1,2.0,1,1
STU0644,Male,CE,2,5.77,52.5,5.15,53.1,1,36.9,47.3,52.5,80.5,73.9,0,0,1.0,1,0
STU0645,Male,CSE,4,7.64,71.3,8.29,72.3,0,77.0,81.7,41.3,81.4,45.5,1,3,0.0,0,1
STU0646,Male,IT,2,6.48,70.9,6.53,48.1,3,68.4,52.1,79.9,52.9,54.8,1,1,2.0,1,1
STU0647,Male,CSE,2,6.62,34.5,6.26,65.4,1,62.1,38.0,75.3,57.1,62.9,0,1,1.0,1,1
STU0648,Female,CSE,3,7.85,74.2,7.31,,1,67.7,75.0,48.1,45.2,62.3,1,0,3.0,0,1
STU0649,Male,ME,1,8.56,71.5,8.49,79.2,0,66.5,85.2,69.5,71.1,75.7,1,1,2.0,0,1
STU0650,Female,ME,2,7.22,85.4,7.59,71.0,5,85.7,100.0,27.8,75.0,28.7,1,3,0.0,0,1
STU0651,Male,CSE,2,7.54,100.0,7.49,61.0,0,85.9,40.4,61.7,44.8,68.7,1,1,1.0,0,1
STU0652,Male,ECE,2,9.07,91.9,9.68,78.1,0,70.9,74.6,67.1,58.2,58.1,0,3,1.0,0,1
STU0653,Female,IT,3,7.46,71.0,6.88,65.7,1,76.9,54.6,92.1,44.8,48.7,1,3,0.0,1,1
STU0654,Male,ME,3,10.0,58.4,10.0,86.1,1,70.3,76.1,42.6,51.5,50.4,1,0,0.0,0,1
STU0655,Female,CE,3,7.82,100.0,7.32,79.1,0,50.8,35.5,32.4,73.3,59.4,0,0,0.0,0,0
STU0656,Male,CSE,3,5.26,75.9,5.41,43.1,0,75.1,39.3,40.1,54.0,1.8,0,3,1.0,1,0
STU0657,Male,CSE,2,8.03,75.2,8.38,69.5,2,32.1,48.0,31.3,60.5,,0,1,1.0,1,1
STU0658,Female,CSE,1,7.62,74.6,7.45,69.6,0,81.1,63.4,84.7,40.6,48.1,0,0,1.0,0,1
STU0659,Female,CSE,4,8.62,78.0,7.58,71.6,2,36.1,50.5,89.0,67.8,72.1,1,1,0.0,0,0
STU0660,Male,CSE,4,7.94,72.8,8.02,69.5,1,65.7,73.9,64.4,64.3,49.3,1,2,2.0,1,1
STU0661,Male,CSE,2,7.05,66.4,7.22,65.0,0,43.1,80.5,82.4,54.1,59.3,1,2,1.0,1,1
STU0662,Female,ME,2,5.85,66.8,6.01,51.0,0,71.1,72.8,60.7,62.2,89.2,1,0,1.0,1,1
STU0663,Other,ECE,3,6.97,74.5,,62.3,0,59.3,91.1,56.1,67.7,79.9,0,0,,0,1
STU0664,Female,CE,3,6.26,66.8,5.84,53.7,2,28.1,69.5,51.3,52.8,78.3,1,3,0.0,1,0
STU0665,Male,CSE,3,6.56,64.3,6.83,51.5,1,68.4,40.1,51.8,42.9,54.5,0,2,1.0,1,1
STU0666,Other,ECE,1,7.85,76.6,8.32,72.2,0,48.4,86.5,27.0,92.1,72.2,1,2,0.0,0,1
STU0667,Male,CSE,3,9.04,71.2,8.33,90.0,1,77.6,51.1,63.3,55.5,59.0,0,2,1.0,1,1
STU0668,Male,ECE,1,7.63,97.6,7.76,68.8,5,60.0,78.4,57.2,63.5,59.7,1,1,1.0,0,1
STU0669,Female,CSE,3,5.88,35.2,5.68,54.1,0,67.9,90.3,72.9,80.2,70.0,0,2,1.0,1,1
STU0670,Male,IT,4,7.69,91.4,7.66,72.7,3,40.8,70.2,59.9,100.0,,0,1,0.0,0,1
STU0671,Male,CE,3,8.52,93.7,8.66,70.3,0,48.2,35.1,54.7,46.3,88.4,0,1,1.0,0,0
STU0672,Male,ECE,1,6.53,43.9,6.33,67.3,0,50.8,45.5,40.6,71.7,60.3,1,2,1.0,1,0
STU0673,Male,CSE,4,7.05,69.9,6.78,,0,77.1,85.8,59.4,54.4,73.5,1,1,2.0,0,1
STU0674,Female,ME,4,7.22,69.4,7.23,73.1,0,93.5,59.0,72.8,56.9,87.7,0,3,,1,1
STU0675,Female,CE,4,6.34,53.9,5.9,53.4,0,43.9,63.4,35.1,54.2,80.5,1,1,1.0,1,1
STU0676,Male,CSE,2,7.91,63.3,7.48,80.3,0,81.5,75.7,59.7,48.1,39.0,1,3,1.0,0,1
STU0677,Female,ME,1,7.07,58.3,7.34,67.5,3,16.6,74.5,62.7,64.4,70.6,1,3,1.0,1,1
STU0678,Female,CE,4,7.66,100.0,7.2,71.7,2,36.1,67.0,43.6,42.9,77.5,1,1,2.0,0,1
STU0679,Female,CE,3,6.22,89.0,6.49,57.2,2,40.8,58.2,46.2,79.2,78.2,0,2,0.0,0,0
STU0680,Male,CE,4,6.72,94.1,6.9,59.2,0,32.9,56.4,62.6,65.8,44.1,0,1,3.0,0,1
STU0681,Other,IT,2,7.99,85.8,7.3,78.0,0,28.3,77.4,35.3,71.3,51.8,1,3,2.0,0,1
STU0682,Female,IT,2,6.79,58.1,6.52,61.8,0,68.3,72.0,65.0,58.0,,1,1,2.0,1,1
STU0683,Male,ECE,4,9.1,67.1,9.58,72.1,2,55.7,57.4,40.1,59.5,50.1,1,2,0.0,0,1
STU0684,Male,ME,3,6.76,82.3,6.37,55.3,3,67.6,81.5,79.3,69.3,57.9,1,1,1.0,0,1
STU0685,Male,CE,1,7.45,56.7,7.26,66.1,0,73.8,59.7,100.0,47.5,89.8,0,1,1.0,0,1
STU0686,Female,ME,2,8.23,85.7,8.41,75.6,0,65.3,46.7,40.8,59.6,62.2,1,0,0.0,0,1
STU0687,Male,IT,3,5.64,71.4,5.95,50.5,1,73.2,48.3,68.7,52.1,50.6,0,1,1.0,1,1
STU0688,Female,CSE,1,5.26,69.4,5.16,53.5,0,58.6,44.4,43.5,51.6,48.1,1,2,2.0,1,1
STU0689,Male,ECE,3,5.52,85.7,5.28,39.9,0,36.3,57.1,78.8,33.4,68.7,1,2,1.0,0,1
STU0690,Female,CSE,2,8.59,81.7,9.16,78.0,1,81.2,84.2,32.7,85.1,40.3,1,2,1.0,0,1
STU0691,Male,CSE,4,6.59,69.6,7.29,50.2,1,48.2,47.5,67.6,54.7,58.8,1,1,0.0,1,1
STU0692,Female,CSE,2,10.0,92.4,10.0,90.0,0,41.3,65.4,40.5,82.5,68.7,0,1,2.0,0,1
STU0693,Female,CE,4,6.58,58.8,6.61,58.7,0,56.4,50.2,53.9,81.0,85.1,0,0,2.0,1,1
STU0694,Male,CSE,1,7.4,84.2,7.08,68.7,5,41.7,57.3,37.4,45.7,74.3,1,2,1.0,0,0
STU0695,Male,CE,3,8.9,83.9,8.56,,0,51.7,34.8,74.4,48.7,50.9,1,3,1.0,0,1
STU0696,Male,ME,1,9.41,70.4,9.62,90.0,0,66.9,58.0,41.3,100.0,83.0,0,1,1.0,0,1
STU0697,Female,CSE,4,9.47,79.9,9.64,90.0,0,67.0,58.5,69.0,91.3,57.9,1,0,1.0,0,1
STU0698,Female,CSE,4,8.53,56.2,9.09,79.7,0,42.0,71.7,51.1,64.5,42.0,1,0,,1,1
STU0699,Male,ME,4,8.33,88.9,8.59,74.3,0,50.2,66.0,55.7,68.9,60.1,0,2,3.0,0,1
STU0700,Male,CE,3,7.85,72.2,7.25,73.6,2,81.5,40.4,61.0,55.5,87.4,0,2,1.0,1,1
STU0701,Male,IT,3,8.06,67.2,8.48,69.0,0,69.9,81.5,42.8,71.5,65.8,1,2,1.0,0,1
STU0702,Female,IT,4,6.59,90.7,6.19,63.6,0,100.0,65.8,62.2,54.2,63.2,1,1,1.0,0,1
STU0703,Female,IT,4,6.3,64.4,6.15,64.9,1,83.6,65.6,88.6,34.5,90.8,1,2,2.0,1,1
STU0704,Female,ME,4,7.2,53.9,7.3,70.1,1,82.9,61.8,42.4,45.2,38.7,1,2,0.0,1,1
STU0705,Male,IT,2,7.01,51.7,7.81,59.5,3,32.2,52.7,81.4,65.3,,0,1,1.0,1,0
STU0706,Male,CE,4,6.7,84.1,7.95,62.1,3,75.3,65.9,88.0,48.0,35.5,1,1,2.0,0,1
STU0707,Other,IT,1,7.97,55.8,8.21,65.2,0,58.9,70.6,41.7,64.0,,0,0,1.0,1,1
STU0708,Male,CSE,2,8.25,100.0,8.18,77.1,2,49.0,30.6,28.9,48.9,65.8,0,1,2.0,0,0
STU0709,Female,IT,1,7.3,43.8,7.51,67.9,0,63.4,52.3,64.0,53.3,89.2,1,3,0.0,1,1
STU0710,Male,ECE,2,8.83,100.0,9.18,70.1,5,78.9,57.4,47.1,77.8,67.1,1,1,2.0,0,1
STU0711,Male,CE,4,5.94,78.2,5.82,47.7,0,70.0,66.6,95.4,68.7,56.1,0,2,0.0,0,1
STU0712,Female,CSE,4,6.99,73.5,7.71,61.5,5,42.4,83.5,58.7,64.9,63.0,0,2,0.0,1,0
STU0713,Other,ECE,4,6.41,66.8,6.5,56.2,2,74.8,48.1,42.0,78.2,65.0,1,0,2.0,1,1
STU0714,Female,CSE,3,5.15,81.0,5.35,40.3,0,47.2,53.0,35.1,72.2,34.6,1,2,1.0,1,1
STU0715,Male,CSE,3,7.11,74.4,7.38,65.9,1,64.3,52.8,79.8,86.7,100.0,1,1,1.0,0,1
STU0716,Male,CSE,3,7.07,91.5,,64.9,5,53.9,47.6,46.6,58.1,71.8,1,1,0.0,0,0
STU0717,Female,CE,2,8.86,76.7,9.2,78.8,3,55.6,55.8,58.9,58.6,66.6,1,0,1.0,1,1
STU0718,Female,CSE,4,7.89,77.3,,67.3,0,75.3,75.9,77.1,45.5,73.5,1,1,1.0,0,1
STU0719,Female,ECE,3,6.07,69.5,5.85,59.9,1,39.2,43.0,48.3,58.6,75.1,0,0,3.0,1,0
STU0720,Male,CSE,3,9.24,74.1,8.8,90.0,0,98.9,69.7,57.1,79.5,,0,0,3.0,0,1
STU0721,Female,ME,3,8.54,79.6,8.72,74.5,0,23.6,31.4,57.7,84.5,52.3,0,1,1.0,0,0
STU0722,Female,CSE,4,7.84,49.3,8.15,67.5,0,48.0,51.9,71.7,79.4,73.2,1,1,1.0,1,1
STU0723,Female,CSE,2,6.95,54.8,7.13,65.0,0,67.4,56.1,69.8,38.1,69.6,1,3,1.0,1,1
STU0724,Female,ECE,2,6.14,86.1,,53.5,2,71.7,92.1,53.6,81.2,49.2,1,1,2.0,1,1
STU0725,Male,ME,4,6.79,77.6,6.79,60.4,0,58.0,57.1,59.3,37.4,87.1,0,2,0.0,1,1
STU0726,Other,CSE,3,8.4,72.2,8.67,79.3,2,58.9,22.4,50.6,78.5,68.0,0,1,1.0,0,1
STU0727,Female,CSE,4,9.27,75.3,8.84,73.9,0,68.2,26.0,28.4,59.5,75.4,0,2,0.0,0,1
STU0728,Female,CSE,2,8.9,80.2,8.74,86.7,0,55.4,62.6,63.2,75.5,86.7,0,1,0.0,0,1
STU0729,Female,IT,2,6.66,66.9,6.94,60.3,0,87.9,73.0,95.8,45.0,63.4,1,3,0.0,0,1
STU0730,Female,ECE,4,5.97,63.3,6.31,51.7,0,76.8,68.8,40.3,82.6,,1,1,1.0,1,1
STU0731,Female,ME,3,7.35,77.9,7.24,65.7,0,77.5,65.0,42.5,43.0,76.8,1,2,2.0,1,1
STU0732,Male,CSE,3,5.25,60.3,5.23,47.1,0,40.7,82.9,40.6,55.0,50.7,1,1,1.0,1,1
STU0733,Male,ECE,2,7.56,81.1,6.95,,1,58.4,52.3,72.5,50.0,63.9,1,0,1.0,0,0
STU0734,Male,CSE,2,7.04,49.5,6.89,70.8,0,54.0,78.1,67.0,38.7,65.1,1,2,0.0,1,1
STU0735,Male,CSE,3,6.69,90.4,7.04,60.4,0,39.9,32.6,54.8,66.4,46.7,0,0,1.0,0,0
STU0736,Male,ECE,1,5.45,82.1,5.68,51.2,0,67.2,45.7,39.6,92.1,100.0,1,1,,1,0
STU0737,Male,ECE,4,7.76,78.8,7.97,74.6,3,49.2,29.5,59.8,100.0,39.1,1,0,1.0,0,0
STU0738,Male,CSE,4,6.61,89.7,6.63,54.4,3,73.1,57.1,26.7,66.5,40.9,1,2,3.0,0,1
STU0739,Male,ME,1,5.91,100.0,5.92,55.6,0,38.6,61.2,60.9,81.8,85.3,0,3,,0,1
STU0740,Male,IT,3,4.04,90.2,4.0,35.0,0,94.4,64.1,75.4,68.5,75.1,0,1,0.0,0,0
STU0741,Male,ECE,3,7.17,47.4,7.45,68.8,0,42.1,63.1,33.0,72.5,45.6,0,2,1.0,1,1
STU0742,Female,ME,1,9.15,55.8,9.32,71.7,4,64.4,45.3,27.3,59.9,,1,1,3.0,0,1
STU0743,Female,IT,2,9.03,65.6,9.22,80.8,0,75.8,58.6,89.6,67.9,88.0,0,1,2.0,0,1
STU0744,Male,CE,2,6.7,75.4,6.49,57.3,0,48.6,35.0,45.8,73.1,62.5,1,3,2.0,0,1
STU0745,Female,ECE,3,6.54,82.8,5.68,61.0,0,77.0,86.5,80.7,56.3,100.0,1,3,1.0,0,1
STU0746,Female,CE,3,7.72,64.1,8.15,71.8,0,35.4,56.5,54.9,63.8,33.7,0,2,3.0,1,1
STU0747,Male,CSE,3,6.1,77.8,5.91,51.4,0,89.0,53.2,54.8,64.1,74.8,1,1,,0,1
STU0748,Female,ME,4,7.53,63.7,7.19,64.2,2,60.3,90.6,66.8,77.4,82.8,1,1,0.0,1,1
STU0749,Female,CSE,4,8.04,65.8,8.32,71.8,0,48.1,39.6,40.3,49.0,78.2,1,1,2.0,0,1
STU0750,Female,CSE,3,8.55,53.9,8.39,72.5,1,54.0,41.7,60.6,64.2,59.5,1,1,3.0,0,1
STU0751,Male,ECE,4,7.09,61.2,7.51,68.0,0,76.2,42.3,50.4,93.7,58.1,0,1,0.0,1,1
STU0752,Female,CSE,2,6.98,54.7,7.22,60.9,0,48.3,60.8,31.6,82.5,70.6,0,2,0.0,1,0
STU0753,Male,ME,4,6.23,60.4,6.51,41.6,3,45.0,69.8,64.7,85.2,76.9,1,3,0.0,1,1
STU0754,Female,ECE,3,6.29,90.8,5.74,54.7,0,55.6,75.3,52.7,65.4,73.2,1,1,0.0,0,1
STU0755,Other,ME,4,6.95,60.8,7.44,57.4,2,36.5,100.0,54.9,69.8,,1,0,0.0,1,1
STU0756,Female,CSE,3,7.6,100.0,7.71,60.3,1,96.4,21.5,33.8,80.0,45.7,1,3,3.0,0,1
STU0757,Female,CSE,2,8.2,82.4,8.06,67.7,0,48.7,73.0,89.8,88.4,59.1,1,0,2.0,0,1
STU0758,Male,ME,3,6.32,77.8,,57.4,4,76.6,52.0,75.5,35.7,47.0,1,2,2.0,1,1
STU0759,Other,IT,2,8.84,62.1,8.13,86.2,0,64.2,51.4,77.3,45.3,56.4,1,0,2.0,0,1
STU0760,Female,CSE,3,6.9,85.5,7.07,63.7,3,40.3,50.8,51.9,84.6,80.3,1,1,1.0,1,1
STU0761,Male,CSE,3,7.18,66.4,6.76,61.6,0,59.9,45.6,23.4,60.8,64.8,0,3,2.0,1,1
STU0762,Female,IT,4,6.38,76.8,5.84,59.7,3,75.7,92.3,97.1,54.9,100.0,1,0,1.0,1,1
STU0763,Male,CSE,3,4.53,100.0,4.0,38.5,0,56.2,77.2,56.8,46.2,66.3,0,1,1.0,0,0
STU0764,Male,IT,3,8.17,73.6,8.62,70.1,1,83.9,62.4,43.0,56.7,64.0,1,1,1.0,0,1
STU0765,Female,ME,2,8.01,92.2,7.76,66.3,2,80.4,86.3,66.3,44.0,64.8,0,3,1.0,0,1
STU0766,Male,ECE,4,6.89,64.5,,53.3,4,78.4,34.8,81.3,96.4,52.2,1,3,2.0,1,1
STU0767,Female,ECE,4,7.27,74.5,7.06,63.5,3,50.8,38.0,57.5,64.7,62.0,1,1,3.0,0,0
STU0768,Male,CSE,4,7.77,100.0,7.08,70.7,2,38.4,22.8,83.6,64.1,82.2,0,0,1.0,0,1
STU0769,Male,ECE,2,5.48,65.6,5.03,,3,47.7,49.4,79.7,73.8,64.9,1,2,2.0,1,0
STU0770,Other,IT,3,6.62,100.0,7.11,57.5,0,63.9,64.9,36.5,79.4,49.5,0,1,0.0,0,1
STU0771,Male,CE,1,8.07,85.6,8.01,67.9,0,70.9,63.9,44.5,79.2,47.3,1,2,2.0,0,1
STU0772,Female,ME,3,5.82,66.6,5.6,55.4,0,16.6,64.7,77.2,81.1,55.3,0,0,1.0,1,1
STU0773,Female,CE,1,7.52,84.5,7.59,61.1,0,59.8,36.6,3.7,55.5,64.3,0,0,0.0,0,0
STU0774,Female,CSE,3,5.71,89.6,5.91,55.2,0,63.2,76.5,55.0,60.5,83.3,0,2,1.0,0,1
STU0775,Female,ME,3,7.71,84.3,8.16,64.4,1,54.4,66.3,29.4,76.5,40.2,1,1,1.0,0,1
STU0776,Female,ECE,2,7.16,51.4,7.74,60.7,0,85.8,75.2,48.5,57.1,57.6,0,3,0.0,1,1
STU0777,Male,CE,3,5.42,64.1,5.28,,1,68.4,27.9,52.0,64.9,65.5,1,0,3.0,1,1
STU0778,Female,ECE,4,8.48,71.3,7.95,73.8,0,86.2,67.6,50.8,71.0,31.8,0,1,0.0,0,1
STU0779,Male,ME,1,6.39,73.9,6.23,62.4,0,55.7,40.6,47.0,76.8,48.8,0,3,3.0,1,0
STU0780,Female,IT,4,6.31,84.3,6.41,59.4,1,78.7,54.8,36.1,38.3,51.4,0,1,2.0,0,0
STU0781,Female,ECE,1,7.42,77.7,7.04,71.7,2,92.7,71.6,100.0,75.7,,0,2,1.0,0,1
STU0782,Female,CSE,1,8.46,55.0,,78.8,2,86.2,63.6,95.3,61.5,66.3,1,0,,1,1
STU0783,Female,ME,1,6.08,80.7,6.22,49.2,1,38.2,46.7,34.8,75.6,60.3,1,2,2.0,1,0
STU0784,Female,ECE,4,7.27,84.2,7.25,63.8,0,54.9,62.1,89.6,76.7,53.6,1,2,1.0,0,1
STU0785,Female,ME,2,7.67,83.4,7.68,65.1,1,53.1,34.4,50.0,89.1,70.3,0,1,2.0,0,0
STU0786,Female,IT,4,7.96,91.2,7.66,78.3,0,69.8,82.7,60.6,85.3,92.3,0,2,1.0,0,1
STU0787,Male,ECE,3,7.39,87.5,7.3,60.6,0,73.7,58.3,56.7,85.2,90.9,1,2,1.0,0,1
STU0788,Male,ECE,1,6.8,81.9,6.43,65.6,0,43.2,82.1,44.8,86.7,30.3,1,1,3.0,0,1
STU0789,Male,ME,3,6.29,73.9,6.65,61.1,0,61.4,52.5,77.7,69.4,72.8,0,2,0.0,0,1
STU0790,Female,CSE,1,7.29,50.1,7.71,74.8,0,19.6,52.6,60.5,65.5,60.0,1,2,1.0,1,1
STU0791,Male,CSE,4,6.02,81.4,5.28,52.1,4,88.8,48.2,48.5,78.1,65.6,0,0,1.0,1,0
STU0792,Male,IT,1,4.0,78.1,4.0,39.6,4,49.8,77.8,31.9,76.0,56.2,0,1,2.0,1,1
STU0793,Male,ME,2,7.68,79.1,7.08,80.5,0,61.1,49.2,40.1,60.4,65.0,1,1,2.0,0,1
STU0794,Female,CSE,4,8.19,55.8,7.93,70.7,0,53.8,73.6,25.2,71.1,65.6,0,1,1.0,1,1
STU0795,Female,CSE,4,4.6,58.8,4.57,33.7,0,82.9,55.1,58.2,64.5,53.2,1,2,0.0,1,1
STU0796,Male,ME,2,6.09,90.8,5.51,45.4,0,3.2,26.4,34.1,52.2,47.8,0,1,0.0,1,0
STU0797,Male,CE,4,7.88,74.4,7.51,74.5,4,59.7,51.7,52.7,84.4,55.4,1,3,1.0,1,1
STU0798,Male,CE,1,9.46,85.2,9.06,75.8,0,57.9,40.8,85.4,65.8,,0,1,1.0,0,1
STU0799,Male,CSE,4,7.22,75.4,7.31,63.1,2,50.9,62.6,82.0,95.7,73.2,1,1,3.0,0,1
STU0800,Male,IT,3,6.4,75.4,6.43,59.8,0,94.5,40.6,57.4,40.6,77.5,0,2,1.0,0,1
